WKN,Basiswert,Typ,Bezugs-verhältnis,Basispreis,Bewertungs-tag,Hebel,Kurs Basiswert,Geld,Brief,Untertägige Auktion,Handeln
FD2YU6,EUR/USD,Put,"0,010000:1","1,055000 USD",07.11.2025 00:00:00,"25000,2156","1,1543 USD","0,0040","0,0000",-,-
FD2YUV,EUR/USD,Call,"0,010000:1","1,230000 USD",07.11.2025 00:00:00,"25000,4325","1,1543 USD","0,0040","0,0000",-,-
FD2YUQ,EUR/USD,Call,"0,010000:1","1,205000 USD",07.11.2025 00:00:00,"25000,4325","1,1543 USD","0,0040","0,0000",-,-
FD2YUC,EUR/USD,Call,"0,010000:1","1,145000 USD",07.11.2025 00:00:00,"120,4767","1,1543 USD","0,8400","0,0000",-,-
FD2YU4,EUR/USD,Call,"0,010000:1","1,275000 USD",07.11.2025 00:00:00,"25000,4325","1,1543 USD","0,0040","0,0000",-,-
FD2YUJ,EUR/USD,Call,"0,010000:1","1,175000 USD",07.11.2025 00:00:00,"25000,2156","1,1543 USD","0,0040","0,0000",-,-
FD2YU9,EUR/USD,Put,"0,010000:1","1,070000 USD",07.11.2025 00:00:00,"25000,4325","1,1543 USD","0,0040","0,0000",-,-
FD2YUY,EUR/USD,Call,"0,010000:1","1,245000 USD",07.11.2025 00:00:00,"25000,2156","1,1543 USD","0,0040","0,0000",-,-
FD2YUT,EUR/USD,Call,"0,010000:1","1,220000 USD",07.11.2025 00:00:00,"25000,4325","1,1543 USD","0,0040","0,0000",-,-
FD2YUA,EUR/USD,Call,"0,010000:1","1,135000 USD",07.11.2025 00:00:00,"59,1690","1,1543 USD","1,7000","0,0000",-,-
FD2YT4,EUR/USD,Call,"0,010000:1","1,105000 USD",07.11.2025 00:00:00,"23,3100","1,1543 USD","4,3000","0,0000",-,-
FD2YU8,EUR/USD,Put,"0,010000:1","1,065000 USD",07.11.2025 00:00:00,"25000,4325","1,1543 USD","0,0040","0,0000",-,-
FD2YUX,EUR/USD,Call,"0,010000:1","1,240000 USD",07.11.2025 00:00:00,"25001,2999","1,1543 USD","0,0040","0,0000",-,-
FD2YUS,EUR/USD,Call,"0,010000:1","1,215000 USD",07.11.2025 00:00:00,"25001,2999","1,1543 USD","0,0040","0,0000",-,-
FD2YUE,EUR/USD,Call,"0,010000:1","1,155000 USD",07.11.2025 00:00:00,"714,3104","1,1543 USD","0,1400","0,0000",-,-
FD2YV1,EUR/USD,Put,"0,010000:1","1,200000 USD",07.11.2025 00:00:00,"25,3153","1,1543 USD","3,9400","0,0000",-,-
FD2YVU,EUR/USD,Put,"0,010000:1","1,165000 USD",07.11.2025 00:00:00,"108,6909","1,1543 USD","0,9100","0,0000",-,-
FD2YVP,EUR/USD,Put,"0,010000:1","1,140000 USD",07.11.2025 00:00:00,"20001,0413","1,1543 USD","0,0050","0,0000",-,-
FD2YVB,EUR/USD,Put,"0,010000:1","1,080000 USD",07.11.2025 00:00:00,"25001,2999","1,1543 USD","0,0040","0,0000",-,-
FD2YU1,EUR/USD,Call,"0,010000:1","1,260000 USD",07.11.2025 00:00:00,"25001,2999","1,1543 USD","0,0040","0,0000",-,-
FD2YUZ,EUR/USD,Call,"0,010000:1","1,250000 USD",07.11.2025 00:00:00,"25001,2999","1,1543 USD","0,0040","0,0000",-,-
FD2YUL,EUR/USD,Call,"0,010000:1","1,185000 USD",07.11.2025 00:00:00,"25001,2999","1,1543 USD","0,0040","0,0000",-,-
FD2YUG,EUR/USD,Call,"0,010000:1","1,165000 USD",07.11.2025 00:00:00,"11111,2079","1,1543 USD","0,0090","0,0000",-,-
FD2YT9,EUR/USD,Call,"0,010000:1","1,130000 USD",07.11.2025 00:00:00,"47,1665","1,1543 USD","2,1300","0,0000",-,-
FD2YV2,EUR/USD,Put,"0,010000:1","1,205000 USD",07.11.2025 00:00:00,"22,8302","1,1543 USD","4,3700","0,0000",-,-
FD2YVV,EUR/USD,Put,"0,010000:1","1,170000 USD",07.11.2025 00:00:00,"74,0715","1,1543 USD","1,3400","0,0000",-,-
FD2YVQ,EUR/USD,Put,"0,010000:1","1,145000 USD",07.11.2025 00:00:00,"7143,4138","1,1543 USD","0,0140","0,0000",-,-
FD2YVC,EUR/USD,Put,"0,010000:1","1,085000 USD",07.11.2025 00:00:00,"25002,5986","1,1543 USD","0,0040","0,0000",-,-
FD2YV5,EUR/USD,Put,"0,010000:1","1,220000 USD",07.11.2025 00:00:00,"17,6050","1,1543 USD","5,6700","0,0000",-,-
FD2YVK,EUR/USD,Put,"0,010000:1","1,120000 USD",07.11.2025 00:00:00,"25002,5986","1,1543 USD","0,0040","0,0000",-,-
FD2YVF,EUR/USD,Put,"0,010000:1","1,100000 USD",07.11.2025 00:00:00,"25002,5986","1,1543 USD","0,0040","0,0000",-,-
FD2YT8,EUR/USD,Call,"0,010000:1","1,125000 USD",07.11.2025 00:00:00,"39,2133","1,1543 USD","2,5700","0,0000",-,-
FD2YVZ,EUR/USD,Put,"0,010000:1","1,190000 USD",07.11.2025 00:00:00,"32,4666","1,1543 USD","3,0700","0,0000",-,-
FD2YVL,EUR/USD,Put,"0,010000:1","1,125000 USD",07.11.2025 00:00:00,"25002,3818","1,1543 USD","0,0040","0,0000",-,-
FD2YVG,EUR/USD,Put,"0,010000:1","1,105000 USD",07.11.2025 00:00:00,"25002,5986","1,1543 USD","0,0040","0,0000",-,-
FD2YU5,EUR/USD,Put,"0,010000:1","1,050000 USD",07.11.2025 00:00:00,"25002,5986","1,1543 USD","0,0040","0,0000",-,-
FD2YUU,EUR/USD,Call,"0,010000:1","1,225000 USD",07.11.2025 00:00:00,"25002,5986","1,1543 USD","0,0040","0,0000",-,-
FD2YUP,EUR/USD,Call,"0,010000:1","1,200000 USD",07.11.2025 00:00:00,"25002,5986","1,1543 USD","0,0040","0,0000",-,-
FD2YUB,EUR/USD,Call,"0,010000:1","1,140000 USD",07.11.2025 00:00:00,"79,9951","1,1543 USD","1,2700","0,0000",-,-
FD2YV3,EUR/USD,Put,"0,010000:1","1,210000 USD",07.11.2025 00:00:00,"20,7456","1,1543 USD","4,8000","0,0000",-,-
FD2YVW,EUR/USD,Put,"0,010000:1","1,175000 USD",07.11.2025 00:00:00,"55,8625","1,1543 USD","1,7700","0,0000",-,-
FD2YVR,EUR/USD,Put,"0,010000:1","1,150000 USD",07.11.2025 00:00:00,"1724,1529","1,1543 USD","0,0560","0,0000",-,-
FD2YVD,EUR/USD,Put,"0,010000:1","1,090000 USD",07.11.2025 00:00:00,"25002,3818","1,1543 USD","0,0040","0,0000",-,-
FD2YT6,EUR/USD,Call,"0,010000:1","1,115000 USD",07.11.2025 00:00:00,"28,8211","1,1543 USD","3,4300","0,0000",-,-
FD2YVM,EUR/USD,Put,"0,010000:1","1,130000 USD",07.11.2025 00:00:00,"24999,5652","1,1543 USD","0,0040","0,0000",-,-
FD2YVH,EUR/USD,Put,"0,010000:1","1,110000 USD",07.11.2025 00:00:00,"24999,5652","1,1543 USD","0,0040","0,0000",-,-
FD2YV4,EUR/USD,Put,"0,010000:1","1,215000 USD",07.11.2025 00:00:00,"19,2691","1,1543 USD","5,2300","0,0000",-,-
FD2YVX,EUR/USD,Put,"0,010000:1","1,180000 USD",07.11.2025 00:00:00,"46,2995","1,1543 USD","2,2000","0,0000",-,-
FD2YVS,EUR/USD,Put,"0,010000:1","1,155000 USD",07.11.2025 00:00:00,"555,5891","1,1543 USD","0,2000","0,0000",-,-
FD2YVE,EUR/USD,Put,"0,010000:1","1,095000 USD",07.11.2025 00:00:00,"24999,5652","1,1543 USD","0,0040","0,0000",-,-
FD2YT5,EUR/USD,Call,"0,010000:1","1,110000 USD",07.11.2025 00:00:00,"25,6425","1,1543 USD","3,8700","0,0000",-,-
FD2YU3,EUR/USD,Call,"0,010000:1","1,270000 USD",07.11.2025 00:00:00,"25001,5136","1,1543 USD","0,0040","0,0000",-,-
FD2YUN,EUR/USD,Call,"0,010000:1","1,195000 USD",07.11.2025 00:00:00,"25001,5136","1,1543 USD","0,0040","0,0000",-,-
FD2YVN,EUR/USD,Put,"0,010000:1","1,135000 USD",07.11.2025 00:00:00,"25000,4323","1,1543 USD","0,0040","0,0000",-,-
FD2YV0,EUR/USD,Put,"0,010000:1","1,195000 USD",07.11.2025 00:00:00,"28,9034","1,1543 USD","3,5000","0,0000",-,-
FD2YVY,EUR/USD,Put,"0,010000:1","1,185000 USD",07.11.2025 00:00:00,"38,4638","1,1543 USD","2,6400","0,0000",-,-
FD2YVT,EUR/USD,Put,"0,010000:1","1,160000 USD",07.11.2025 00:00:00,"212,7806","1,1543 USD","0,5100","0,0000",-,-
FD2YVA,EUR/USD,Put,"0,010000:1","1,075000 USD",07.11.2025 00:00:00,"25001,5136","1,1543 USD","0,0040","0,0000",-,-
FD2YVJ,EUR/USD,Put,"0,010000:1","1,115000 USD",07.11.2025 00:00:00,"25001,5136","1,1543 USD","0,0040","0,0000",-,-
FD2YU2,EUR/USD,Call,"0,010000:1","1,265000 USD",07.11.2025 00:00:00,"24999,7820","1,1543 USD","0,0040","0,0000",-,-
FD2YUM,EUR/USD,Call,"0,010000:1","1,190000 USD",07.11.2025 00:00:00,"24999,5652","1,1543 USD","0,0040","0,0000",-,-
FD2YUH,EUR/USD,Call,"0,010000:1","1,170000 USD",07.11.2025 00:00:00,"25001,5136","1,1543 USD","0,0040","0,0000",-,-
FD2YU7,EUR/USD,Put,"0,010000:1","1,060000 USD",07.11.2025 00:00:00,"25001,7304","1,1543 USD","0,0040","0,0000",-,-
FD2YUW,EUR/USD,Call,"0,010000:1","1,235000 USD",07.11.2025 00:00:00,"25001,7304","1,1543 USD","0,0040","0,0000",-,-
FD2YUR,EUR/USD,Call,"0,010000:1","1,210000 USD",07.11.2025 00:00:00,"24999,5652","1,1543 USD","0,0040","0,0000",-,-
FD2YUD,EUR/USD,Call,"0,010000:1","1,150000 USD",07.11.2025 00:00:00,"208,3495","1,1543 USD","0,4400","0,0000",-,-
FD2YT7,EUR/USD,Call,"0,010000:1","1,120000 USD",07.11.2025 00:00:00,"32,8970","1,1543 USD","3,0000","0,0000",-,-
FD2YU0,EUR/USD,Call,"0,010000:1","1,255000 USD",07.11.2025 00:00:00,"25001,5136","1,1543 USD","0,0040","0,0000",-,-
FD2YUK,EUR/USD,Call,"0,010000:1","1,180000 USD",07.11.2025 00:00:00,"25001,5136","1,1543 USD","0,0040","0,0000",-,-
FD2YUF,EUR/USD,Call,"0,010000:1","1,160000 USD",07.11.2025 00:00:00,"2222,3760","1,1543 USD","0,0390","0,0000",-,-
FD2YW9,EUR/USD,Put,"0,010000:1","1,060000 USD",14.11.2025 00:00:00,"7142,9808","1,1543 USD","0,0040","0,0140",-,-
FD2YWX,EUR/USD,Call,"0,010000:1","1,230000 USD",14.11.2025 00:00:00,"7142,9808","1,1543 USD","0,0040","0,0140",-,-
FD2YWS,EUR/USD,Call,"0,010000:1","1,205000 USD",14.11.2025 00:00:00,"7142,9188","1,1543 USD","0,0040","0,0140",-,-
FD2YWE,EUR/USD,Call,"0,010000:1","1,145000 USD",14.11.2025 00:00:00,"103,0909","1,1543 USD","0,9600","0,9700",-,-
FD2YW5,EUR/USD,Call,"0,010000:1","1,270000 USD",14.11.2025 00:00:00,"7142,9808","1,1543 USD","0,0040","0,0140",-,-
FD2YWY,EUR/USD,Call,"0,010000:1","1,235000 USD",14.11.2025 00:00:00,"7142,9808","1,1543 USD","0,0040","0,0140",-,-
FD2YWT,EUR/USD,Call,"0,010000:1","1,210000 USD",14.11.2025 00:00:00,"7142,9808","1,1543 USD","0,0040","0,0140",-,-
FD2YWA,EUR/USD,Call,"0,010000:1","1,125000 USD",14.11.2025 00:00:00,"38,3138","1,1543 USD","2,6000","2,6000",-,-
FD2YW3,EUR/USD,Call,"0,010000:1","1,260000 USD",14.11.2025 00:00:00,"7142,9188","1,1543 USD","0,0040","0,0140",-,-
FD2YWM,EUR/USD,Call,"0,010000:1","1,180000 USD",14.11.2025 00:00:00,"5555,6521","1,1543 USD","0,0080","0,0180",-,-
FD2YWH,EUR/USD,Call,"0,010000:1","1,160000 USD",14.11.2025 00:00:00,"588,2301","1,1543 USD","0,1600","0,1700",-,-
FD2YXM,EUR/USD,Put,"0,010000:1","1,120000 USD",14.11.2025 00:00:00,"7142,8569","1,1543 USD","0,0040","0,0140",-,-
FD2YXH,EUR/USD,Put,"0,010000:1","1,100000 USD",14.11.2025 00:00:00,"7692,4409","1,1543 USD","0,0030","0,0130",-,-
FD2YW6,EUR/USD,Call,"0,010000:1","1,275000 USD",14.11.2025 00:00:00,"7142,9188","1,1543 USD","0,0040","0,0140",-,-
FD2YWU,EUR/USD,Call,"0,010000:1","1,215000 USD",14.11.2025 00:00:00,"7142,9808","1,1543 USD","0,0040","0,0140",-,-
FD2YWP,EUR/USD,Call,"0,010000:1","1,190000 USD",14.11.2025 00:00:00,"6666,7246","1,1543 USD","0,0050","0,0150",-,-
FD2YWB,EUR/USD,Call,"0,010000:1","1,130000 USD",14.11.2025 00:00:00,"45,8695","1,1543 USD","2,1800","2,1800",-,-
FD2YX1,EUR/USD,Put,"0,010000:1","1,190000 USD",14.11.2025 00:00:00,"32,7854","1,1543 USD","3,0300","3,0600",-,-
FD2YXY,EUR/USD,Put,"0,010000:1","1,175000 USD",14.11.2025 00:00:00,"56,4947","1,1543 USD","1,7500","1,7700",-,-
FD2YXT,EUR/USD,Put,"0,010000:1","1,150000 USD",14.11.2025 00:00:00,"526,3112","1,1543 USD","0,1800","0,1900",-,-
FD2YXA,EUR/USD,Put,"0,010000:1","1,065000 USD",14.11.2025 00:00:00,"7142,9188","1,1543 USD","0,0040","0,0140",-,-
FD2YW4,EUR/USD,Call,"0,010000:1","1,265000 USD",14.11.2025 00:00:00,"7142,9808","1,1543 USD","0,0040","0,0140",-,-
FD2YWN,EUR/USD,Call,"0,010000:1","1,185000 USD",14.11.2025 00:00:00,"6666,6089","1,1543 USD","0,0050","0,0150",-,-
FD2YX4,EUR/USD,Put,"0,010000:1","1,205000 USD",14.11.2025 00:00:00,"22,9893","1,1543 USD","4,3300","4,3600",-,-
FD2YXW,EUR/USD,Put,"0,010000:1","1,165000 USD",14.11.2025 00:00:00,"103,0883","1,1543 USD","0,9500","0,9700",-,-
FD2YXR,EUR/USD,Put,"0,010000:1","1,140000 USD",14.11.2025 00:00:00,"1785,7761","1,1543 USD","0,0450","0,0570",-,-
FD2YXD,EUR/USD,Put,"0,010000:1","1,080000 USD",14.11.2025 00:00:00,"7142,9808","1,1543 USD","0,0040","0,0140",-,-
FD2YW0,EUR/USD,Call,"0,010000:1","1,245000 USD",14.11.2025 00:00:00,"7143,2286","1,1543 USD","0,0040","0,0140",-,-
FD2YWJ,EUR/USD,Call,"0,010000:1","1,165000 USD",14.11.2025 00:00:00,"1204,7776","1,1543 USD","0,0750","0,0820",-,-
FD2YX6,EUR/USD,Put,"0,010000:1","1,215000 USD",14.11.2025 00:00:00,"19,1569","1,1543 USD","5,2000","5,2300",-,-
FD2YXK,EUR/USD,Put,"0,010000:1","1,110000 USD",14.11.2025 00:00:00,"7143,2286","1,1543 USD","0,0040","0,0140",-,-
FD2YXF,EUR/USD,Put,"0,010000:1","1,090000 USD",14.11.2025 00:00:00,"7143,2286","1,1543 USD","0,0040","0,0140",-,-
FD2YW8,EUR/USD,Put,"0,010000:1","1,055000 USD",14.11.2025 00:00:00,"7143,8166","1,1543 USD","0,0040","0,0140",-,-
FD2YWW,EUR/USD,Call,"0,010000:1","1,225000 USD",14.11.2025 00:00:00,"7143,8786","1,1543 USD","0,0040","0,0140",-,-
FD2YWR,EUR/USD,Call,"0,010000:1","1,200000 USD",14.11.2025 00:00:00,"7143,8786","1,1543 USD","0,0040","0,0140",-,-
FD2YWD,EUR/USD,Call,"0,010000:1","1,140000 USD",14.11.2025 00:00:00,"74,6271","1,1543 USD","1,3500","1,3400",-,-
FD2YX3,EUR/USD,Put,"0,010000:1","1,200000 USD",14.11.2025 00:00:00,"25,5095","1,1543 USD","3,9000","3,9200",-,-
FD2YXV,EUR/USD,Put,"0,010000:1","1,160000 USD",14.11.2025 00:00:00,"158,7370","1,1543 USD","0,6100","0,6300",-,-
FD2YXQ,EUR/USD,Put,"0,010000:1","1,135000 USD",14.11.2025 00:00:00,"2941,2273","1,1543 USD","0,0230","0,0340",-,-
FD2YXC,EUR/USD,Put,"0,010000:1","1,075000 USD",14.11.2025 00:00:00,"7143,5997","1,1543 USD","0,0040","0,0140",-,-
FD2YXN,EUR/USD,Put,"0,010000:1","1,125000 USD",14.11.2025 00:00:00,"5555,4112","1,1543 USD","0,0080","0,0180",-,-
FD2YV6,EUR/USD,Call,"0,010000:1","1,105000 USD",14.11.2025 00:00:00,"23,1467","1,1543 USD","4,3300","4,3300",-,-
FD2YX2,EUR/USD,Put,"0,010000:1","1,195000 USD",14.11.2025 00:00:00,"28,6523","1,1543 USD","3,4700","3,5000",-,-
FD2YXU,EUR/USD,Put,"0,010000:1","1,155000 USD",14.11.2025 00:00:00,"270,2960","1,1543 USD","0,3500","0,3700",-,-
FD2YXP,EUR/USD,Put,"0,010000:1","1,130000 USD",14.11.2025 00:00:00,"4348,1650","1,1543 USD","0,0130","0,0230",-,-
FD2YXB,EUR/USD,Put,"0,010000:1","1,070000 USD",14.11.2025 00:00:00,"7143,5997","1,1543 USD","0,0040","0,0140",-,-
FD2YV7,EUR/USD,Call,"0,010000:1","1,110000 USD",14.11.2025 00:00:00,"25,7053","1,1543 USD","3,9000","3,9000",-,-
FD2YX7,EUR/USD,Put,"0,010000:1","1,220000 USD",14.11.2025 00:00:00,"17,6667","1,1543 USD","5,6300","5,6500",-,-
FD2YXZ,EUR/USD,Put,"0,010000:1","1,180000 USD",14.11.2025 00:00:00,"45,4529","1,1543 USD","2,1700","2,1900",-,-
FD2YXL,EUR/USD,Put,"0,010000:1","1,115000 USD",14.11.2025 00:00:00,"6667,1866","1,1543 USD","0,0050","0,0150",-,-
FD2YXG,EUR/USD,Put,"0,010000:1","1,095000 USD",14.11.2025 00:00:00,"7143,5997","1,1543 USD","0,0040","0,0140",-,-
FD2YV8,EUR/USD,Call,"0,010000:1","1,115000 USD",14.11.2025 00:00:00,"28,9022","1,1543 USD","3,4600","3,4700",-,-
FD2YX0,EUR/USD,Put,"0,010000:1","1,185000 USD",14.11.2025 00:00:00,"38,0208","1,1543 USD","2,6000","2,6100",-,-
FD2YXX,EUR/USD,Put,"0,010000:1","1,170000 USD",14.11.2025 00:00:00,"73,5325","1,1543 USD","1,3400","1,3500",-,-
FD2YXS,EUR/USD,Put,"0,010000:1","1,145000 USD",14.11.2025 00:00:00,"1000,0692","1,1543 USD","0,0900","0,1000",-,-
FD2YXE,EUR/USD,Put,"0,010000:1","1,085000 USD",14.11.2025 00:00:00,"7143,5997","1,1543 USD","0,0040","0,0140",-,-
FD2YW7,EUR/USD,Put,"0,010000:1","1,050000 USD",14.11.2025 00:00:00,"7143,5997","1,1543 USD","0,0040","0,0140",-,-
FD2YWV,EUR/USD,Call,"0,010000:1","1,220000 USD",14.11.2025 00:00:00,"7143,5377","1,1543 USD","0,0040","0,0140",-,-
FD2YWQ,EUR/USD,Call,"0,010000:1","1,195000 USD",14.11.2025 00:00:00,"7143,5997","1,1543 USD","0,0040","0,0140",-,-
FD2YWC,EUR/USD,Call,"0,010000:1","1,135000 USD",14.11.2025 00:00:00,"57,1393","1,1543 USD","1,7600","1,7700",-,-
FD2YV9,EUR/USD,Call,"0,010000:1","1,120000 USD",14.11.2025 00:00:00,"33,0038","1,1543 USD","3,0300","3,0400",-,-
FD2YW1,EUR/USD,Call,"0,010000:1","1,250000 USD",14.11.2025 00:00:00,"7143,5997","1,1543 USD","0,0040","0,0140",-,-
FD2YWK,EUR/USD,Call,"0,010000:1","1,170000 USD",14.11.2025 00:00:00,"2380,8287","1,1543 USD","0,0330","0,0430",-,-
FD2YWF,EUR/USD,Call,"0,010000:1","1,150000 USD",14.11.2025 00:00:00,"161,2917","1,1543 USD","0,6200","0,6300",-,-
FD2YX5,EUR/USD,Put,"0,010000:1","1,210000 USD",14.11.2025 00:00:00,"20,8770","1,1543 USD","4,7600","4,7700",-,-
FD2YXJ,EUR/USD,Put,"0,010000:1","1,105000 USD",14.11.2025 00:00:00,"7143,5997","1,1543 USD","0,0040","0,0140",-,-
FD2YW2,EUR/USD,Call,"0,010000:1","1,255000 USD",14.11.2025 00:00:00,"7143,5997","1,1543 USD","0,0040","0,0140",-,-
FD2YWZ,EUR/USD,Call,"0,010000:1","1,240000 USD",14.11.2025 00:00:00,"7143,5377","1,1543 USD","0,0040","0,0140",-,-
FD2YWL,EUR/USD,Call,"0,010000:1","1,175000 USD",14.11.2025 00:00:00,"4000,2771","1,1543 USD","0,0150","0,0250",-,-
FD2YWG,EUR/USD,Call,"0,010000:1","1,155000 USD",14.11.2025 00:00:00,"285,6969","1,1543 USD","0,3500","0,3600",-,-
FA1KUL,EUR/USD,Call,"0,010000:1","1,180000 USD",21.11.2025 00:00:00,"2499,9783","1,1543 USD","0,0290","0,0400",-,-
FA1KUG,EUR/USD,Call,"0,010000:1","1,160000 USD",21.11.2025 00:00:00,"322,5778","1,1543 USD","0,3000","0,3100",-,-
FA1KUZ,EUR/USD,Call,"0,010000:1","1,245000 USD",21.11.2025 00:00:00,"7142,9188","1,1543 USD","0,0040","0,0140",-,-
FA1KU5,EUR/USD,Put,"0,010000:1","1,000000 USD",21.11.2025 00:00:00,"7142,9188","1,1543 USD","0,0040","0,0140",-,-
FA1KUD,EUR/USD,Call,"0,010000:1","1,145000 USD",21.11.2025 00:00:00,"92,5925","1,1543 USD","1,0800","1,0800",-,-
FA1KUR,EUR/USD,Call,"0,010000:1","1,205000 USD",21.11.2025 00:00:00,"6666,7246","1,1543 USD","0,0050","0,0150",-,-
FA1KUW,EUR/USD,Call,"0,010000:1","1,230000 USD",21.11.2025 00:00:00,"7142,9808","1,1543 USD","0,0040","0,0140",-,-
FA1KU2,EUR/USD,Call,"0,010000:1","1,260000 USD",21.11.2025 00:00:00,"7692,3742","1,1543 USD","0,0030","0,0130",-,-
FA1KVD,EUR/USD,Put,"0,010000:1","1,040000 USD",21.11.2025 00:00:00,"7142,9808","1,1543 USD","0,0040","0,0140",-,-
FA1KVR,EUR/USD,Put,"0,010000:1","1,100000 USD",21.11.2025 00:00:00,"6666,7246","1,1543 USD","0,0050","0,0150",-,-
FA1KVW,EUR/USD,Put,"0,010000:1","1,125000 USD",21.11.2025 00:00:00,"2941,0487","1,1543 USD","0,0230","0,0340",-,-
FA1KV7,EUR/USD,Put,"0,010000:1","1,180000 USD",21.11.2025 00:00:00,"45,8695","1,1543 USD","2,1600","2,1800",-,-
FA1KT9,EUR/USD,Call,"0,010000:1","1,125000 USD",21.11.2025 00:00:00,"37,7342","1,1543 USD","2,6500","2,6500",-,-
FA1KUH,EUR/USD,Call,"0,010000:1","1,165000 USD",21.11.2025 00:00:00,"555,5603","1,1543 USD","0,1800","0,1800",-,-
FA1KUM,EUR/USD,Call,"0,010000:1","1,185000 USD",21.11.2025 00:00:00,"3703,5429","1,1543 USD","0,0180","0,0270",-,-
FA1KU6,EUR/USD,Put,"0,010000:1","1,005000 USD",21.11.2025 00:00:00,"7142,9188","1,1543 USD","0,0040","0,0140",-,-
FA1KVK,EUR/USD,Put,"0,010000:1","1,070000 USD",21.11.2025 00:00:00,"7142,9808","1,1543 USD","0,0040","0,0140",-,-
FA1KVF,EUR/USD,Put,"0,010000:1","1,050000 USD",21.11.2025 00:00:00,"7142,9808","1,1543 USD","0,0040","0,0140",-,-
FA1KV0,EUR/USD,Put,"0,010000:1","1,145000 USD",21.11.2025 00:00:00,"555,5458","1,1543 USD","0,1700","0,1800",-,-
FA1KT2,EUR/USD,Call,"0,010000:1","1,090000 USD",21.11.2025 00:00:00,"17,6670","1,1543 USD","5,6600","5,6600",-,-
FA1KVB,EUR/USD,Put,"0,010000:1","1,030000 USD",21.11.2025 00:00:00,"7142,9808","1,1543 USD","0,0040","0,0140",-,-
FA1KVP,EUR/USD,Put,"0,010000:1","1,090000 USD",21.11.2025 00:00:00,"7142,7330","1,1543 USD","0,0040","0,0140",-,-
FA1KVU,EUR/USD,Put,"0,010000:1","1,115000 USD",21.11.2025 00:00:00,"5263,1124","1,1543 USD","0,0090","0,0190",-,-
FA1KV5,EUR/USD,Put,"0,010000:1","1,170000 USD",21.11.2025 00:00:00,"72,4637","1,1543 USD","1,3600","1,3800",-,-
FA1KT5,EUR/USD,Call,"0,010000:1","1,105000 USD",21.11.2025 00:00:00,"22,8823","1,1543 USD","4,3700","4,3700",-,-
FD0DD9,EUR/USD,Call,"0,010000:1","1,280000 USD",21.11.2025 00:00:00,"7142,9188","1,1543 USD","0,0040","0,0140",-,-
FA1198,EUR/USD,Call,"0,010000:1","1,275000 USD",21.11.2025 00:00:00,"7142,9808","1,1543 USD","0,0040","0,0140",-,-
FA1KVJ,EUR/USD,Put,"0,010000:1","1,065000 USD",21.11.2025 00:00:00,"7143,1667","1,1543 USD","0,0040","0,0140",-,-
FA1KV4,EUR/USD,Put,"0,010000:1","1,165000 USD",21.11.2025 00:00:00,"98,0426","1,1543 USD","1,0000","1,0300",-,-
FA1KVA,EUR/USD,Put,"0,010000:1","1,025000 USD",21.11.2025 00:00:00,"7143,2286","1,1543 USD","0,0040","0,0140",-,-
FA1KVY,EUR/USD,Put,"0,010000:1","1,135000 USD",21.11.2025 00:00:00,"1333,3217","1,1543 USD","0,0640","0,0750",-,-
FA1KVT,EUR/USD,Put,"0,010000:1","1,110000 USD",21.11.2025 00:00:00,"5882,3015","1,1543 USD","0,0070","0,0170",-,-
FA1KV9,EUR/USD,Put,"0,010000:1","1,190000 USD",21.11.2025 00:00:00,"33,1122","1,1543 USD","3,0000","3,0300",-,-
FA1KT6,EUR/USD,Call,"0,010000:1","1,110000 USD",21.11.2025 00:00:00,"25,4441","1,1543 USD","3,9300","3,9300",-,-
FD0DEN,EUR/USD,Put,"0,010000:1","1,230000 USD",21.11.2025 00:00:00,"15,4304","1,1543 USD","6,4500","6,4800",-,-
FA1KVH,EUR/USD,Put,"0,010000:1","1,060000 USD",21.11.2025 00:00:00,"7143,2286","1,1543 USD","0,0040","0,0140",-,-
FA1KVM,EUR/USD,Put,"0,010000:1","1,080000 USD",21.11.2025 00:00:00,"7143,2286","1,1543 USD","0,0040","0,0140",-,-
FA1KV2,EUR/USD,Put,"0,010000:1","1,155000 USD",21.11.2025 00:00:00,"217,3894","1,1543 USD","0,4400","0,4600",-,-
FA1KT4,EUR/USD,Call,"0,010000:1","1,100000 USD",21.11.2025 00:00:00,"20,8342","1,1543 USD","4,8000","4,7900",-,-
FA1KT7,EUR/USD,Call,"0,010000:1","1,115000 USD",21.11.2025 00:00:00,"28,5716","1,1543 USD","3,5000","3,5000",-,-
FD0DEJ,EUR/USD,Put,"0,010000:1","1,210000 USD",21.11.2025 00:00:00,"21,0515","1,1543 USD","4,7200","4,7500",-,-
FA1KVE,EUR/USD,Put,"0,010000:1","1,045000 USD",21.11.2025 00:00:00,"7143,5377","1,1543 USD","0,0040","0,0140",-,-
FA1KVX,EUR/USD,Put,"0,010000:1","1,130000 USD",21.11.2025 00:00:00,"2040,8517","1,1543 USD","0,0380","0,0490",-,-
FA1KVS,EUR/USD,Put,"0,010000:1","1,105000 USD",21.11.2025 00:00:00,"6667,4172","1,1543 USD","0,0050","0,0150",-,-
FA1KV8,EUR/USD,Put,"0,010000:1","1,185000 USD",21.11.2025 00:00:00,"38,4622","1,1543 USD","2,5800","2,6000",-,-
FA1KVL,EUR/USD,Put,"0,010000:1","1,075000 USD",21.11.2025 00:00:00,"7143,5997","1,1543 USD","0,0040","0,0140",-,-
FA1KVG,EUR/USD,Put,"0,010000:1","1,055000 USD",21.11.2025 00:00:00,"7143,5997","1,1543 USD","0,0040","0,0140",-,-
FA1KVZ,EUR/USD,Put,"0,010000:1","1,140000 USD",21.11.2025 00:00:00,"833,3983","1,1543 USD","0,1100","0,1200",-,-
FA1KV1,EUR/USD,Put,"0,010000:1","1,150000 USD",21.11.2025 00:00:00,"344,8425","1,1543 USD","0,2700","0,2900",-,-
FA1KT1,EUR/USD,Call,"0,010000:1","1,085000 USD",21.11.2025 00:00:00,"16,4206","1,1543 USD","6,0900","6,0900",-,-
FD0DED,EUR/USD,Call,"0,010000:1","1,300000 USD",21.11.2025 00:00:00,"7143,5997","1,1543 USD","0,0040","0,0140",-,-
FA1KVC,EUR/USD,Put,"0,010000:1","1,035000 USD",21.11.2025 00:00:00,"7143,5997","1,1543 USD","0,0040","0,0140",-,-
FA1KVQ,EUR/USD,Put,"0,010000:1","1,095000 USD",21.11.2025 00:00:00,"6667,3601","1,1543 USD","0,0050","0,0150",-,-
FA1KVV,EUR/USD,Put,"0,010000:1","1,120000 USD",21.11.2025 00:00:00,"4166,9553","1,1543 USD","0,0140","0,0240",-,-
FA1KV6,EUR/USD,Put,"0,010000:1","1,175000 USD",21.11.2025 00:00:00,"56,4957","1,1543 USD","1,7500","1,7700",-,-
FA1KT8,EUR/USD,Call,"0,010000:1","1,120000 USD",21.11.2025 00:00:00,"32,5713","1,1543 USD","3,0800","3,0800",-,-
FD0DEF,EUR/USD,Call,"0,010000:1","1,310000 USD",21.11.2025 00:00:00,"7143,5997","1,1543 USD","0,0040","0,0140",-,-
FD0DEK,EUR/USD,Put,"0,010000:1","1,215000 USD",21.11.2025 00:00:00,"19,3053","1,1543 USD","5,1600","5,1700",-,-
FA1KUE,EUR/USD,Call,"0,010000:1","1,150000 USD",21.11.2025 00:00:00,"131,5743","1,1543 USD","0,7600","0,7500",-,-
FA1KUX,EUR/USD,Call,"0,010000:1","1,235000 USD",21.11.2025 00:00:00,"7143,5997","1,1543 USD","0,0040","0,0140",-,-
FA1KUS,EUR/USD,Call,"0,010000:1","1,210000 USD",21.11.2025 00:00:00,"6667,1287","1,1543 USD","0,0050","0,0150",-,-
FA1KU3,EUR/USD,Call,"0,010000:1","1,265000 USD",21.11.2025 00:00:00,"7143,5997","1,1543 USD","0,0040","0,0140",-,-
FD0DEE,EUR/USD,Call,"0,010000:1","1,305000 USD",21.11.2025 00:00:00,"7143,5997","1,1543 USD","0,0040","0,0140",-,-
FD0DEG,EUR/USD,Put,"0,010000:1","1,200000 USD",21.11.2025 00:00:00,"25,7056","1,1543 USD","3,8600","3,8700",-,-
FD0DEL,EUR/USD,Put,"0,010000:1","1,220000 USD",21.11.2025 00:00:00,"17,8246","1,1543 USD","5,5900","5,6000",-,-
FA1KUA,EUR/USD,Call,"0,010000:1","1,130000 USD",21.11.2025 00:00:00,"44,8403","1,1543 USD","2,2400","2,2400",-,-
FA1KUY,EUR/USD,Call,"0,010000:1","1,240000 USD",21.11.2025 00:00:00,"7143,5997","1,1543 USD","0,0040","0,0140",-,-
FA1KUT,EUR/USD,Call,"0,010000:1","1,215000 USD",21.11.2025 00:00:00,"6667,3601","1,1543 USD","0,0050","0,0150",-,-
FA1KU4,EUR/USD,Call,"0,010000:1","1,270000 USD",21.11.2025 00:00:00,"7143,5997","1,1543 USD","0,0040","0,0140",-,-
FA1KUN,EUR/USD,Call,"0,010000:1","1,190000 USD",21.11.2025 00:00:00,"4762,4000","1,1543 USD","0,0110","0,0210",-,-
FA1KU7,EUR/USD,Put,"0,010000:1","1,010000 USD",21.11.2025 00:00:00,"7143,5377","1,1543 USD","0,0040","0,0140",-,-
FA1KT3,EUR/USD,Call,"0,010000:1","1,095000 USD",21.11.2025 00:00:00,"19,1199","1,1543 USD","5,2300","5,2400",-,-
FD0DEA,EUR/USD,Call,"0,010000:1","1,285000 USD",21.11.2025 00:00:00,"7143,5997","1,1543 USD","0,0040","0,0140",-,-
FA1KUJ,EUR/USD,Call,"0,010000:1","1,170000 USD",21.11.2025 00:00:00,"1000,0692","1,1543 USD","0,0900","0,1000",-,-
FA1KU8,EUR/USD,Put,"0,010000:1","1,015000 USD",21.11.2025 00:00:00,"7143,5997","1,1543 USD","0,0040","0,0140",-,-
FD0DEH,EUR/USD,Put,"0,010000:1","1,205000 USD",21.11.2025 00:00:00,"23,1467","1,1543 USD","4,2900","4,3000",-,-
FD0DEM,EUR/USD,Put,"0,010000:1","1,225000 USD",21.11.2025 00:00:00,"16,5283","1,1543 USD","6,0200","6,0300",-,-
FA1KUB,EUR/USD,Call,"0,010000:1","1,135000 USD",21.11.2025 00:00:00,"54,6429","1,1543 USD","1,8300","1,8400",-,-
FA1KUP,EUR/USD,Call,"0,010000:1","1,195000 USD",21.11.2025 00:00:00,"5555,9407","1,1543 USD","0,0080","0,0180",-,-
FA1KUU,EUR/USD,Call,"0,010000:1","1,220000 USD",21.11.2025 00:00:00,"7143,5997","1,1543 USD","0,0040","0,0140",-,-
FA1KU0,EUR/USD,Call,"0,010000:1","1,250000 USD",21.11.2025 00:00:00,"7143,5997","1,1543 USD","0,0040","0,0140",-,-
FD0DEB,EUR/USD,Call,"0,010000:1","1,290000 USD",21.11.2025 00:00:00,"7143,5997","1,1543 USD","0,0040","0,0140",-,-
FA1KUK,EUR/USD,Call,"0,010000:1","1,175000 USD",21.11.2025 00:00:00,"1612,9312","1,1543 USD","0,0530","0,0630",-,-
FA1KUF,EUR/USD,Call,"0,010000:1","1,155000 USD",21.11.2025 00:00:00,"199,9947","1,1543 USD","0,4900","0,5000",-,-
FA1KU9,EUR/USD,Put,"0,010000:1","1,020000 USD",21.11.2025 00:00:00,"7143,5997","1,1543 USD","0,0040","0,0140",-,-
FA1199,EUR/USD,Put,"0,010000:1","1,195000 USD",21.11.2025 00:00:00,"28,9847","1,1543 USD","3,4300","3,4400",-,-
FA1KVN,EUR/USD,Put,"0,010000:1","1,085000 USD",21.11.2025 00:00:00,"7143,5377","1,1543 USD","0,0040","0,0140",-,-
FA1KV3,EUR/USD,Put,"0,010000:1","1,160000 USD",21.11.2025 00:00:00,"138,8804","1,1543 USD","0,7000","0,7100",-,-
FA1KT0,EUR/USD,Call,"0,010000:1","1,080000 USD",21.11.2025 00:00:00,"15,3364","1,1543 USD","6,5300","6,5400",-,-
FA1KUC,EUR/USD,Call,"0,010000:1","1,140000 USD",21.11.2025 00:00:00,"69,4420","1,1543 USD","1,4400","1,4500",-,-
FA1KUQ,EUR/USD,Call,"0,010000:1","1,200000 USD",21.11.2025 00:00:00,"6250,4327","1,1543 USD","0,0060","0,0160",-,-
FA1KUV,EUR/USD,Call,"0,010000:1","1,225000 USD",21.11.2025 00:00:00,"7143,5377","1,1543 USD","0,0040","0,0140",-,-
FA1KU1,EUR/USD,Call,"0,010000:1","1,255000 USD",21.11.2025 00:00:00,"7143,5997","1,1543 USD","0,0040","0,0140",-,-
FD0DEC,EUR/USD,Call,"0,010000:1","1,295000 USD",21.11.2025 00:00:00,"7143,5377","1,1543 USD","0,0040","0,0140",-,-
SY2FBV,EUR/USD,Put,"0,010000:1","1,045000 USD",19.12.2025 00:00:00,"6250,1081","1,1543 USD","0,0060","0,0160",-,-
SY2FBQ,EUR/USD,Put,"0,010000:1","1,020000 USD",19.12.2025 00:00:00,"6250,1081","1,1543 USD","0,0060","0,0160",-,-
SY2FBC,EUR/USD,Put,"0,010000:1","0,960000 USD",19.12.2025 00:00:00,"6666,7824","1,1543 USD","0,0050","0,0150",-,-
SY2FB9,EUR/USD,Put,"0,010000:1","1,115000 USD",19.12.2025 00:00:00,"1123,5857","1,1543 USD","0,0790","0,0890",-,-
SY2E95,EUR/USD,Call,"0,010000:1","1,010000 USD",19.12.2025 00:00:00,"7,8802","1,1543 USD","12,6900","12,6900",-,-
SJ6HR1,EUR/USD,Put,"0,010000:1","0,930000 USD",19.12.2025 00:00:00,"6666,7246","1,1543 USD","0,0050","0,0150",-,-
SY7Z3E,EUR/USD,Call,"0,010000:1","1,245000 USD",19.12.2025 00:00:00,"5555,6521","1,1543 USD","0,0080","0,0180",-,-
FA7M6E,EUR/USD,Call,"0,010000:1","1,300000 USD",19.12.2025 00:00:00,"6250,1081","1,1543 USD","0,0060","0,0160",-,-
SY5VQN,EUR/USD,Call,"0,010000:1","1,220000 USD",19.12.2025 00:00:00,"2857,1180","1,1543 USD","0,0250","0,0350",-,-
SY2FAK,EUR/USD,Call,"0,010000:1","1,080000 USD",19.12.2025 00:00:00,"15,0143","1,1543 USD","6,6600","6,6600",-,-
SY2FAF,EUR/USD,Call,"0,010000:1","1,060000 USD",19.12.2025 00:00:00,"11,9326","1,1543 USD","8,3800","8,3800",-,-
SY2FA7,EUR/USD,Call,"0,010000:1","1,190000 USD",19.12.2025 00:00:00,"666,6782","1,1543 USD","0,1400","0,1500",-,-
SY2E99,EUR/USD,Call,"0,010000:1","1,030000 USD",19.12.2025 00:00:00,"9,1156","1,1543 USD","10,9600","10,9600",-,-
SX8S0D,EUR/USD,Call,"0,010000:1","1,255000 USD",19.12.2025 00:00:00,"5882,4036","1,1543 USD","0,0070","0,0170",-,-
FA7M6H,EUR/USD,Call,"0,010000:1","1,315000 USD",19.12.2025 00:00:00,"6666,6089","1,1543 USD","0,0050","0,0150",-,-
SY2FAV,EUR/USD,Call,"0,010000:1","1,130000 USD",19.12.2025 00:00:00,"39,3693","1,1543 USD","2,5300","2,5300",-,-
SY2FAQ,EUR/USD,Call,"0,010000:1","1,105000 USD",19.12.2025 00:00:00,"22,0266","1,1543 USD","4,5400","4,5400",-,-
SY2FAC,EUR/USD,Call,"0,010000:1","1,045000 USD",19.12.2025 00:00:00,"10,3408","1,1543 USD","9,6700","9,6700",-,-
SY2FA4,EUR/USD,Call,"0,010000:1","1,175000 USD",19.12.2025 00:00:00,"294,1125","1,1543 USD","0,3300","0,3400",-,-
SJ7TD4,EUR/USD,Call,"0,010000:1","0,990000 USD",19.12.2025 00:00:00,"6,9393","1,1543 USD","14,4100","14,4100",-,-
SY2FCA,EUR/USD,Put,"0,010000:1","1,120000 USD",19.12.2025 00:00:00,"833,3261","1,1543 USD","0,1100","0,1200",-,-
SX8S0G,EUR/USD,Call,"0,010000:1","1,270000 USD",19.12.2025 00:00:00,"6250,1081","1,1543 USD","0,0060","0,0160",-,-
SY7Z3G,EUR/USD,Put,"0,010000:1","1,155000 USD",19.12.2025 00:00:00,"126,5800","1,1543 USD","0,7800","0,7900",-,-
SJ7TD5,EUR/USD,Call,"0,010000:1","0,995000 USD",19.12.2025 00:00:00,"7,1527","1,1543 USD","13,9800","13,9800",-,-
SX8S0E,EUR/USD,Call,"0,010000:1","1,260000 USD",19.12.2025 00:00:00,"5882,5050","1,1543 USD","0,0070","0,0170",-,-
SY5VQJ,EUR/USD,Call,"0,010000:1","1,200000 USD",19.12.2025 00:00:00,"1136,3143","1,1543 USD","0,0790","0,0880",-,-
SJ6HR3,EUR/USD,Put,"0,010000:1","0,940000 USD",19.12.2025 00:00:00,"6666,7824","1,1543 USD","0,0050","0,0150",-,-
SY2FBZ,EUR/USD,Put,"0,010000:1","1,065000 USD",19.12.2025 00:00:00,"5555,6521","1,1543 USD","0,0080","0,0180",-,-
SY2FBL,EUR/USD,Put,"0,010000:1","1,000000 USD",19.12.2025 00:00:00,"6666,7824","1,1543 USD","0,0050","0,0150",-,-
SY2FBG,EUR/USD,Put,"0,010000:1","0,980000 USD",19.12.2025 00:00:00,"6666,7824","1,1543 USD","0,0050","0,0150",-,-
SY2FB4,EUR/USD,Put,"0,010000:1","1,090000 USD",19.12.2025 00:00:00,"3448,2460","1,1543 USD","0,0190","0,0290",-,-
SY5VQR,EUR/USD,Put,"0,010000:1","1,140000 USD",19.12.2025 00:00:00,"294,1227","1,1543 USD","0,3300","0,3500",-,-
FA5N9W,EUR/USD,Put,"0,010000:1","1,205000 USD",19.12.2025 00:00:00,"23,8084","1,1543 USD","4,1800","4,2100",-,-
FA5N9R,EUR/USD,Call,"0,010000:1","1,280000 USD",19.12.2025 00:00:00,"6250,0539","1,1543 USD","0,0060","0,0160",-,-
SY2FBX,EUR/USD,Put,"0,010000:1","1,055000 USD",19.12.2025 00:00:00,"5882,4036","1,1543 USD","0,0070","0,0170",-,-
SY2FBS,EUR/USD,Put,"0,010000:1","1,030000 USD",19.12.2025 00:00:00,"6250,1081","1,1543 USD","0,0060","0,0160",-,-
SY2FBE,EUR/USD,Put,"0,010000:1","0,970000 USD",19.12.2025 00:00:00,"6666,7824","1,1543 USD","0,0050","0,0150",-,-
SY2FB6,EUR/USD,Put,"0,010000:1","1,100000 USD",19.12.2025 00:00:00,"2325,6014","1,1543 USD","0,0320","0,0430",-,-
FA12AA,EUR/USD,Call,"0,010000:1","1,275000 USD",19.12.2025 00:00:00,"6250,1081","1,1543 USD","0,0060","0,0160",-,-
SX8S0H,EUR/USD,Put,"0,010000:1","1,180000 USD",19.12.2025 00:00:00,"45,0446","1,1543 USD","2,2100","2,2300",-,-
SY5VQL,EUR/USD,Call,"0,010000:1","1,210000 USD",19.12.2025 00:00:00,"1923,0435","1,1543 USD","0,0420","0,0520",-,-
SY2FBM,EUR/USD,Put,"0,010000:1","1,005000 USD",19.12.2025 00:00:00,"6666,6089","1,1543 USD","0,0050","0,0150",-,-
SY2FBH,EUR/USD,Put,"0,010000:1","0,985000 USD",19.12.2025 00:00:00,"6666,7246","1,1543 USD","0,0050","0,0150",-,-
SY2FB0,EUR/USD,Put,"0,010000:1","1,070000 USD",19.12.2025 00:00:00,"5555,4594","1,1543 USD","0,0080","0,0180",-,-
FA12AB,EUR/USD,Put,"0,010000:1","1,195000 USD",19.12.2025 00:00:00,"29,5855","1,1543 USD","3,3600","3,3900",-,-
SX0RN7,EUR/USD,Put,"0,010000:1","0,915000 USD",19.12.2025 00:00:00,"6667,0137","1,1543 USD","0,0050","0,0150",-,-
SJ6VTU,EUR/USD,Put,"0,010000:1","0,925000 USD",19.12.2025 00:00:00,"6667,0137","1,1543 USD","0,0050","0,0150",-,-
SY7Z3J,EUR/USD,Put,"0,010000:1","1,165000 USD",19.12.2025 00:00:00,"78,7466","1,1543 USD","1,2500","1,2700",-,-
SY5VQS,EUR/USD,Put,"0,010000:1","1,145000 USD",19.12.2025 00:00:00,"217,3894","1,1543 USD","0,4400","0,4600",-,-
SY5VQM,EUR/USD,Call,"0,010000:1","1,215000 USD",19.12.2025 00:00:00,"2381,2310","1,1543 USD","0,0320","0,0420",-,-
FA5N9X,EUR/USD,Put,"0,010000:1","1,210000 USD",19.12.2025 00:00:00,"21,6451","1,1543 USD","4,6000","4,6200",-,-
FA5N9S,EUR/USD,Call,"0,010000:1","1,285000 USD",19.12.2025 00:00:00,"6250,8936","1,1543 USD","0,0060","0,0160",-,-
SY2FBN,EUR/USD,Put,"0,010000:1","1,010000 USD",19.12.2025 00:00:00,"6667,3601","1,1543 USD","0,0050","0,0150",-,-
SY2FB1,EUR/USD,Put,"0,010000:1","1,075000 USD",19.12.2025 00:00:00,"5000,3899","1,1543 USD","0,0100","0,0200",-,-
SX8S0K,EUR/USD,Put,"0,010000:1","1,190000 USD",19.12.2025 00:00:00,"33,4436","1,1543 USD","2,9600","2,9900",-,-
SX8S0F,EUR/USD,Call,"0,010000:1","1,265000 USD",19.12.2025 00:00:00,"6250,6496","1,1543 USD","0,0060","0,0160",-,-
SY2FAM,EUR/USD,Call,"0,010000:1","1,090000 USD",19.12.2025 00:00:00,"17,2403","1,1543 USD","5,8100","5,8000",-,-
SY2FAH,EUR/USD,Call,"0,010000:1","1,070000 USD",19.12.2025 00:00:00,"13,2974","1,1543 USD","7,5200","7,5200",-,-
SY2FA9,EUR/USD,Put,"0,010000:1","0,945000 USD",19.12.2025 00:00:00,"6667,3601","1,1543 USD","0,0050","0,0150",-,-
FA7M6L,EUR/USD,Put,"0,010000:1","1,230000 USD",19.12.2025 00:00:00,"15,8219","1,1543 USD","6,2900","6,3100",-,-
FA7M6G,EUR/USD,Call,"0,010000:1","1,310000 USD",19.12.2025 00:00:00,"6667,1866","1,1543 USD","0,0050","0,0150",-,-
SJ0MP8,EUR/USD,Put,"0,010000:1","1,175000 USD",19.12.2025 00:00:00,"52,9068","1,1543 USD","1,8700","1,8900",-,-
SY2FBU,EUR/USD,Put,"0,010000:1","1,040000 USD",19.12.2025 00:00:00,"6250,5954","1,1543 USD","0,0060","0,0160",-,-
SY2FBP,EUR/USD,Put,"0,010000:1","1,015000 USD",19.12.2025 00:00:00,"6249,6208","1,1543 USD","0,0050","0,0150",-,-
SY2FBB,EUR/USD,Put,"0,010000:1","0,955000 USD",19.12.2025 00:00:00,"6667,3601","1,1543 USD","0,0050","0,0150",-,-
SY2FB8,EUR/USD,Put,"0,010000:1","1,110000 USD",19.12.2025 00:00:00,"1449,3381","1,1543 USD","0,0580","0,0690",-,-
SY2E96,EUR/USD,Call,"0,010000:1","1,015000 USD",19.12.2025 00:00:00,"8,1627","1,1543 USD","12,2600","12,2600",-,-
SX8S0J,EUR/USD,Put,"0,010000:1","1,185000 USD",19.12.2025 00:00:00,"38,4622","1,1543 USD","2,5800","2,6000",-,-
SX0RN5,EUR/USD,Put,"0,010000:1","0,905000 USD",19.12.2025 00:00:00,"6667,3601","1,1543 USD","0,0050","0,0150",-,-
SY7Z3D,EUR/USD,Call,"0,010000:1","1,240000 USD",19.12.2025 00:00:00,"4762,4408","1,1543 USD","0,0110","0,0210",-,-
SY2FBJ,EUR/USD,Put,"0,010000:1","0,990000 USD",19.12.2025 00:00:00,"6667,3601","1,1543 USD","0,0050","0,0150",-,-
SY2FB2,EUR/USD,Put,"0,010000:1","1,080000 USD",19.12.2025 00:00:00,"4545,3362","1,1543 USD","0,0120","0,0220",-,-
SY5VQP,EUR/USD,Call,"0,010000:1","1,225000 USD",19.12.2025 00:00:00,"3571,2119","1,1543 USD","0,0190","0,0290",-,-
FA5N9Y,EUR/USD,Put,"0,010000:1","1,215000 USD",19.12.2025 00:00:00,"19,8414","1,1543 USD","5,0200","5,0300",-,-
FA5N9T,EUR/USD,Call,"0,010000:1","1,290000 USD",19.12.2025 00:00:00,"6250,6496","1,1543 USD","0,0060","0,0160",-,-
SY5VQQ,EUR/USD,Put,"0,010000:1","1,135000 USD",19.12.2025 00:00:00,"384,6520","1,1543 USD","0,2500","0,2600",-,-
SY2FBW,EUR/USD,Put,"0,010000:1","1,050000 USD",19.12.2025 00:00:00,"6250,6496","1,1543 USD","0,0060","0,0160",-,-
SY2FBR,EUR/USD,Put,"0,010000:1","1,025000 USD",19.12.2025 00:00:00,"6667,3601","1,1543 USD","0,0050","0,0150",-,-
SY2FBD,EUR/USD,Put,"0,010000:1","0,965000 USD",19.12.2025 00:00:00,"6667,3601","1,1543 USD","0,0050","0,0150",-,-
SY2FB5,EUR/USD,Put,"0,010000:1","1,095000 USD",19.12.2025 00:00:00,"2857,3656","1,1543 USD","0,0250","0,0350",-,-
SY2FAW,EUR/USD,Call,"0,010000:1","1,135000 USD",19.12.2025 00:00:00,"46,0849","1,1543 USD","2,1700","2,1700",-,-
SY2FAR,EUR/USD,Call,"0,010000:1","1,110000 USD",19.12.2025 00:00:00,"24,2710","1,1543 USD","4,1200","4,1300",-,-
SY2FAD,EUR/USD,Call,"0,010000:1","1,050000 USD",19.12.2025 00:00:00,"10,8229","1,1543 USD","9,2400","9,2500",-,-
SY2FA0,EUR/USD,Call,"0,010000:1","1,155000 USD",19.12.2025 00:00:00,"103,0900","1,1543 USD","0,9500","0,9600",-,-
FA5N9U,EUR/USD,Call,"0,010000:1","1,295000 USD",19.12.2025 00:00:00,"6250,6496","1,1543 USD","0,0060","0,0160",-,-
SY2FCB,EUR/USD,Put,"0,010000:1","1,125000 USD",19.12.2025 00:00:00,"666,7128","1,1543 USD","0,1400","0,1500",-,-
SJ6HR2,EUR/USD,Put,"0,010000:1","0,935000 USD",19.12.2025 00:00:00,"6667,3601","1,1543 USD","0,0050","0,0150",-,-
SY2FBK,EUR/USD,Put,"0,010000:1","0,995000 USD",19.12.2025 00:00:00,"6667,3022","1,1543 USD","0,0050","0,0150",-,-
SY2FBF,EUR/USD,Put,"0,010000:1","0,975000 USD",19.12.2025 00:00:00,"6667,3601","1,1543 USD","0,0050","0,0150",-,-
SY2FB3,EUR/USD,Put,"0,010000:1","1,085000 USD",19.12.2025 00:00:00,"4166,9915","1,1543 USD","0,0140","0,0240",-,-
SY2FAJ,EUR/USD,Call,"0,010000:1","1,075000 USD",19.12.2025 00:00:00,"14,1038","1,1543 USD","7,0900","7,1000",-,-
SY2FA6,EUR/USD,Call,"0,010000:1","1,185000 USD",19.12.2025 00:00:00,"526,2838","1,1543 USD","0,1900","0,2000",-,-
SY7Z3H,EUR/USD,Put,"0,010000:1","1,160000 USD",19.12.2025 00:00:00,"99,0141","1,1543 USD","0,9900","1,0100",-,-
SY2E98,EUR/USD,Call,"0,010000:1","1,025000 USD",19.12.2025 00:00:00,"8,7790","1,1543 USD","11,4000","11,4000",-,-
SY2FAU,EUR/USD,Call,"0,010000:1","1,125000 USD",19.12.2025 00:00:00,"34,3621","1,1543 USD","2,9200","2,9200",-,-
SY2FAP,EUR/USD,Call,"0,010000:1","1,100000 USD",19.12.2025 00:00:00,"20,2007","1,1543 USD","4,9600","4,9600",-,-
SY2FAB,EUR/USD,Call,"0,010000:1","1,040000 USD",19.12.2025 00:00:00,"9,9010","1,1543 USD","10,1000","10,1100",-,-
SY2FA3,EUR/USD,Call,"0,010000:1","1,170000 USD",19.12.2025 00:00:00,"227,2766","1,1543 USD","0,4400","0,4500",-,-
SY2FCC,EUR/USD,Put,"0,010000:1","1,130000 USD",19.12.2025 00:00:00,"500,0476","1,1543 USD","0,1800","0,2000",-,-
SY5VQK,EUR/USD,Call,"0,010000:1","1,205000 USD",19.12.2025 00:00:00,"1449,3758","1,1543 USD","0,0590","0,0690",-,-
SX0RN4,EUR/USD,Call,"0,010000:1","0,985000 USD",19.12.2025 00:00:00,"6,7388","1,1543 USD","14,8400","14,8500",-,-
FA5N9V,EUR/USD,Put,"0,010000:1","1,200000 USD",19.12.2025 00:00:00,"26,3843","1,1543 USD","3,7700","3,7800",-,-
SY7Z3B,EUR/USD,Call,"0,010000:1","1,230000 USD",19.12.2025 00:00:00,"3846,2204","1,1543 USD","0,0160","0,0260",-,-
SY2FAN,EUR/USD,Call,"0,010000:1","1,095000 USD",19.12.2025 00:00:00,"18,5867","1,1543 USD","5,3800","5,3900",-,-
SY2FA5,EUR/USD,Call,"0,010000:1","1,180000 USD",19.12.2025 00:00:00,"384,6553","1,1543 USD","0,2500","0,2600",-,-
SY2FBY,EUR/USD,Put,"0,010000:1","1,060000 USD",19.12.2025 00:00:00,"5882,9643","1,1543 USD","0,0070","0,0170",-,-
SY2FBT,EUR/USD,Put,"0,010000:1","1,035000 USD",19.12.2025 00:00:00,"6250,6496","1,1543 USD","0,0060","0,0160",-,-
SY2FBA,EUR/USD,Put,"0,010000:1","0,950000 USD",19.12.2025 00:00:00,"6667,3022","1,1543 USD","0,0050","0,0150",-,-
SY2FB7,EUR/USD,Put,"0,010000:1","1,105000 USD",19.12.2025 00:00:00,"1851,9801","1,1543 USD","0,0440","0,0540",-,-
SY2E97,EUR/USD,Call,"0,010000:1","1,020000 USD",19.12.2025 00:00:00,"8,4599","1,1543 USD","11,8300","11,8400",-,-
FA7M6J,EUR/USD,Put,"0,010000:1","1,220000 USD",19.12.2025 00:00:00,"18,3145","1,1543 USD","5,4400","5,4500",-,-
SY2FAY,EUR/USD,Call,"0,010000:1","1,145000 USD",19.12.2025 00:00:00,"66,6643","1,1543 USD","1,5000","1,5100",-,-
SY2FAT,EUR/USD,Call,"0,010000:1","1,120000 USD",19.12.2025 00:00:00,"30,2104","1,1543 USD","3,3100","3,3200",-,-
SY2FAA,EUR/USD,Call,"0,010000:1","1,035000 USD",19.12.2025 00:00:00,"9,4967","1,1543 USD","10,5300","10,5400",-,-
SY2FA2,EUR/USD,Call,"0,010000:1","1,165000 USD",19.12.2025 00:00:00,"172,4302","1,1543 USD","0,5800","0,5900",-,-
SX0RN6,EUR/USD,Put,"0,010000:1","0,910000 USD",19.12.2025 00:00:00,"6667,3601","1,1543 USD","0,0050","0,0150",-,-
SJ6HR0,EUR/USD,Call,"0,010000:1","1,000000 USD",19.12.2025 00:00:00,"7,3798","1,1543 USD","13,5500","13,5600",-,-
SY2E94,EUR/USD,Call,"0,010000:1","1,005000 USD",19.12.2025 00:00:00,"7,6217","1,1543 USD","13,1200","13,1300",-,-
SY2FAZ,EUR/USD,Call,"0,010000:1","1,150000 USD",19.12.2025 00:00:00,"81,9650","1,1543 USD","1,2100","1,2100",-,-
SY2FAL,EUR/USD,Call,"0,010000:1","1,085000 USD",19.12.2025 00:00:00,"16,0515","1,1543 USD","6,2300","6,2400",-,-
SY2FAG,EUR/USD,Call,"0,010000:1","1,065000 USD",19.12.2025 00:00:00,"12,5781","1,1543 USD","7,9500","7,9600",-,-
SY2FA8,EUR/USD,Call,"0,010000:1","1,195000 USD",19.12.2025 00:00:00,"909,1775","1,1543 USD","0,1100","0,1200",-,-
SX0RN3,EUR/USD,Call,"0,010000:1","0,980000 USD",19.12.2025 00:00:00,"6,5488","1,1543 USD","15,2700","15,2800",-,-
FA7M6K,EUR/USD,Put,"0,010000:1","1,225000 USD",19.12.2025 00:00:00,"16,9780","1,1543 USD","5,8600","5,8700",-,-
FA7M6F,EUR/USD,Call,"0,010000:1","1,305000 USD",19.12.2025 00:00:00,"6250,6496","1,1543 USD","0,0060","0,0160",-,-
SJ0MP7,EUR/USD,Call,"0,010000:1","1,250000 USD",19.12.2025 00:00:00,"5556,1335","1,1543 USD","0,0080","0,0180",-,-
SY7Z3C,EUR/USD,Call,"0,010000:1","1,235000 USD",19.12.2025 00:00:00,"4348,2405","1,1543 USD","0,0130","0,0230",-,-
SX0RN2,EUR/USD,Call,"0,010000:1","0,975000 USD",19.12.2025 00:00:00,"6,3694","1,1543 USD","15,7000","15,7100",-,-
SY7Z3F,EUR/USD,Put,"0,010000:1","1,150000 USD",19.12.2025 00:00:00,"163,9457","1,1543 USD","0,6000","0,6100",-,-
SY7Z3K,EUR/USD,Put,"0,010000:1","1,170000 USD",19.12.2025 00:00:00,"64,1003","1,1543 USD","1,5400","1,5500",-,-
SJ7TD6,EUR/USD,Put,"0,010000:1","0,920000 USD",19.12.2025 00:00:00,"6667,3601","1,1543 USD","0,0050","0,0150",-,-
SY2FAX,EUR/USD,Call,"0,010000:1","1,140000 USD",19.12.2025 00:00:00,"54,9455","1,1543 USD","1,8200","1,8300",-,-
SY2FAS,EUR/USD,Call,"0,010000:1","1,115000 USD",19.12.2025 00:00:00,"26,9546","1,1543 USD","3,7100","3,7200",-,-
SY2FAE,EUR/USD,Call,"0,010000:1","1,055000 USD",19.12.2025 00:00:00,"11,3503","1,1543 USD","8,8100","8,8200",-,-
SY2FA1,EUR/USD,Call,"0,010000:1","1,160000 USD",19.12.2025 00:00:00,"133,3252","1,1543 USD","0,7500","0,7600",-,-
FA1ZGP,EUR/USD,Call,"0,010000:1","1,240000 USD",20.03.2026 00:00:00,"588,2454","1,1543 USD","0,1600","0,1700",-,-
FA1ZGU,EUR/USD,Call,"0,010000:1","1,265000 USD",20.03.2026 00:00:00,"1111,1014","1,1543 USD","0,0800","0,0900",-,-
FA1ZGB,EUR/USD,Call,"0,010000:1","1,180000 USD",20.03.2026 00:00:00,"104,1657","1,1543 USD","0,9500","0,9600",-,-
FA1ZG2,EUR/USD,Put,"0,010000:1","1,035000 USD",20.03.2026 00:00:00,"2702,7261","1,1543 USD","0,0270","0,0370",-,-
FA7M6S,EUR/USD,Put,"0,010000:1","1,225000 USD",20.03.2026 00:00:00,"17,9209","1,1543 USD","5,5700","5,5800",-,-
FA1ZFX,EUR/USD,Call,"0,010000:1","1,110000 USD",20.03.2026 00:00:00,"20,8329","1,1543 USD","4,7900","4,8000",-,-
FA1ZFS,EUR/USD,Call,"0,010000:1","1,085000 USD",20.03.2026 00:00:00,"14,7930","1,1543 USD","6,7600","6,7600",-,-
FA1ZF9,EUR/USD,Call,"0,010000:1","1,170000 USD",20.03.2026 00:00:00,"78,7367","1,1543 USD","1,2700","1,2700",-,-
FA5N94,EUR/USD,Put,"0,010000:1","1,205000 USD",20.03.2026 00:00:00,"24,4488","1,1543 USD","4,0700","4,0900",-,-
FA1ZHP,EUR/USD,Put,"0,010000:1","1,140000 USD",20.03.2026 00:00:00,"123,4557","1,1543 USD","0,8000","0,8100",-,-
FA1ZHU,EUR/USD,Put,"0,010000:1","1,165000 USD",20.03.2026 00:00:00,"59,8792","1,1543 USD","1,6600","1,6700",-,-
FA1ZHB,EUR/USD,Put,"0,010000:1","1,080000 USD",20.03.2026 00:00:00,"833,3116","1,1543 USD","0,1100","0,1200",-,-
FA7M6M,EUR/USD,Call,"0,010000:1","1,300000 USD",20.03.2026 00:00:00,"2272,7667","1,1543 USD","0,0340","0,0440",-,-
FA12AD,EUR/USD,Call,"0,010000:1","1,275000 USD",20.03.2026 00:00:00,"1369,8867","1,1543 USD","0,0630","0,0730",-,-
FA1ZF0,EUR/USD,Call,"0,010000:1","1,125000 USD",20.03.2026 00:00:00,"26,9546","1,1543 USD","3,7100","3,7100",-,-
FA1ZHJ,EUR/USD,Put,"0,010000:1","1,115000 USD",20.03.2026 00:00:00,"270,2679","1,1543 USD","0,3600","0,3700",-,-
FA1ZFV,EUR/USD,Call,"0,010000:1","1,100000 USD",20.03.2026 00:00:00,"17,9531","1,1543 USD","5,5600","5,5600",-,-
FA1ZF7,EUR/USD,Call,"0,010000:1","1,160000 USD",20.03.2026 00:00:00,"59,1710","1,1543 USD","1,6800","1,6900",-,-
FA1ZHR,EUR/USD,Put,"0,010000:1","1,150000 USD",20.03.2026 00:00:00,"90,9051","1,1543 USD","1,0900","1,1000",-,-
FA1ZHW,EUR/USD,Put,"0,010000:1","1,175000 USD",20.03.2026 00:00:00,"46,0809","1,1543 USD","2,1500","2,1700",-,-
FA1ZHD,EUR/USD,Put,"0,010000:1","1,090000 USD",20.03.2026 00:00:00,"624,9945","1,1543 USD","0,1500","0,1600",-,-
FA1ZGZ,EUR/USD,Put,"0,010000:1","1,020000 USD",20.03.2026 00:00:00,"3448,1862","1,1543 USD","0,0190","0,0290",-,-
FA1ZGL,EUR/USD,Call,"0,010000:1","1,225000 USD",20.03.2026 00:00:00,"384,5987","1,1543 USD","0,2600","0,2600",-,-
FA1ZGG,EUR/USD,Call,"0,010000:1","1,205000 USD",20.03.2026 00:00:00,"212,7604","1,1543 USD","0,4600","0,4700",-,-
FA1ZG7,EUR/USD,Put,"0,010000:1","1,060000 USD",20.03.2026 00:00:00,"1470,6009","1,1543 USD","0,0580","0,0680",-,-
FA7M6N,EUR/USD,Call,"0,010000:1","1,305000 USD",20.03.2026 00:00:00,"2500,0217","1,1543 USD","0,0300","0,0400",-,-
FA1ZF4,EUR/USD,Call,"0,010000:1","1,145000 USD",20.03.2026 00:00:00,"40,9818","1,1543 USD","2,4400","2,4400",-,-
FA1ZHK,EUR/USD,Put,"0,010000:1","1,120000 USD",20.03.2026 00:00:00,"232,5601","1,1543 USD","0,4200","0,4300",-,-
FA1ZHF,EUR/USD,Put,"0,010000:1","1,100000 USD",20.03.2026 00:00:00,"454,5533","1,1543 USD","0,2100","0,2200",-,-
FA7M6Q,EUR/USD,Call,"0,010000:1","1,315000 USD",20.03.2026 00:00:00,"2941,2018","1,1543 USD","0,0240","0,0340",-,-
FA1ZFU,EUR/USD,Call,"0,010000:1","1,095000 USD",20.03.2026 00:00:00,"16,7777","1,1543 USD","5,9600","5,9500",-,-
FA1ZF6,EUR/USD,Call,"0,010000:1","1,155000 USD",20.03.2026 00:00:00,"52,0828","1,1543 USD","1,9100","1,9200",-,-
FA1ZHX,EUR/USD,Put,"0,010000:1","1,180000 USD",20.03.2026 00:00:00,"40,8134","1,1543 USD","2,4300","2,4500",-,-
FA1ZHS,EUR/USD,Put,"0,010000:1","1,155000 USD",20.03.2026 00:00:00,"78,7394","1,1543 USD","1,2600","1,2800",-,-
FA1ZHE,EUR/USD,Put,"0,010000:1","1,095000 USD",20.03.2026 00:00:00,"526,3249","1,1543 USD","0,1800","0,1900",-,-
FA1ZFZ,EUR/USD,Call,"0,010000:1","1,120000 USD",20.03.2026 00:00:00,"24,6303","1,1543 USD","4,0600","4,0500",-,-
FA1ZF2,EUR/USD,Call,"0,010000:1","1,135000 USD",20.03.2026 00:00:00,"32,8944","1,1543 USD","3,0400","3,0400",-,-
FA1ZHH,EUR/USD,Put,"0,010000:1","1,110000 USD",20.03.2026 00:00:00,"322,5890","1,1543 USD","0,3000","0,3100",-,-
FA1ZHM,EUR/USD,Put,"0,010000:1","1,130000 USD",20.03.2026 00:00:00,"169,4944","1,1543 USD","0,5800","0,5900",-,-
FA5N91,EUR/USD,Call,"0,010000:1","1,290000 USD",20.03.2026 00:00:00,"1886,7272","1,1543 USD","0,0430","0,0530",-,-
FA1ZGR,EUR/USD,Call,"0,010000:1","1,250000 USD",20.03.2026 00:00:00,"769,3208","1,1543 USD","0,1200","0,1300",-,-
FA1ZGW,EUR/USD,Put,"0,010000:1","1,005000 USD",20.03.2026 00:00:00,"4167,2626","1,1543 USD","0,0140","0,0240",-,-
FA1ZGD,EUR/USD,Call,"0,010000:1","1,190000 USD",20.03.2026 00:00:00,"140,8566","1,1543 USD","0,7100","0,7100",-,-
FA1ZG4,EUR/USD,Put,"0,010000:1","1,045000 USD",20.03.2026 00:00:00,"2127,6137","1,1543 USD","0,0360","0,0470",-,-
FA7M6R,EUR/USD,Put,"0,010000:1","1,220000 USD",20.03.2026 00:00:00,"19,2308","1,1543 USD","5,1800","5,2100",-,-
FA5N95,EUR/USD,Put,"0,010000:1","1,210000 USD",20.03.2026 00:00:00,"22,4729","1,1543 USD","4,4300","4,4500",-,-
FA1ZFY,EUR/USD,Call,"0,010000:1","1,115000 USD",20.03.2026 00:00:00,"22,6257","1,1543 USD","4,4200","4,4200",-,-
FA1ZFT,EUR/USD,Call,"0,010000:1","1,090000 USD",20.03.2026 00:00:00,"15,7476","1,1543 USD","6,3500","6,3600",-,-
FA1ZF5,EUR/USD,Call,"0,010000:1","1,150000 USD",20.03.2026 00:00:00,"46,0831","1,1543 USD","2,1700","2,1700",-,-
FA12AF,EUR/USD,Put,"0,010000:1","1,195000 USD",20.03.2026 00:00:00,"29,4102","1,1543 USD","3,3800","3,4000",-,-
FA5N92,EUR/USD,Call,"0,010000:1","1,295000 USD",20.03.2026 00:00:00,"2083,5678","1,1543 USD","0,0380","0,0480",-,-
FA1ZF1,EUR/USD,Call,"0,010000:1","1,130000 USD",20.03.2026 00:00:00,"29,7608","1,1543 USD","3,3700","3,3700",-,-
FA1ZHN,EUR/USD,Put,"0,010000:1","1,135000 USD",20.03.2026 00:00:00,"144,9375","1,1543 USD","0,6800","0,6900",-,-
FA1ZFR,EUR/USD,Call,"0,010000:1","1,080000 USD",20.03.2026 00:00:00,"13,9667","1,1543 USD","7,1600","7,1600",-,-
FA1ZFW,EUR/USD,Call,"0,010000:1","1,105000 USD",20.03.2026 00:00:00,"19,3416","1,1543 USD","5,1800","5,1800",-,-
FA1ZF8,EUR/USD,Call,"0,010000:1","1,165000 USD",20.03.2026 00:00:00,"68,4961","1,1543 USD","1,4600","1,4600",-,-
FA1ZHQ,EUR/USD,Put,"0,010000:1","1,145000 USD",20.03.2026 00:00:00,"105,2567","1,1543 USD","0,9300","0,9500",-,-
FA1ZHV,EUR/USD,Put,"0,010000:1","1,170000 USD",20.03.2026 00:00:00,"52,3610","1,1543 USD","1,8900","1,9100",-,-
FA1ZHC,EUR/USD,Put,"0,010000:1","1,085000 USD",20.03.2026 00:00:00,"714,2981","1,1543 USD","0,1300","0,1400",-,-
FA5N96,EUR/USD,Put,"0,010000:1","1,215000 USD",20.03.2026 00:00:00,"20,7461","1,1543 USD","4,8000","4,8200",-,-
FA7M6T,EUR/USD,Put,"0,010000:1","1,230000 USD",20.03.2026 00:00:00,"16,7218","1,1543 USD","5,9600","5,9800",-,-
FA1ZGN,EUR/USD,Call,"0,010000:1","1,235000 USD",20.03.2026 00:00:00,"500,0519","1,1543 USD","0,1900","0,2000",-,-
FA1ZG9,EUR/USD,Put,"0,010000:1","1,070000 USD",20.03.2026 00:00:00,"1098,9486","1,1543 USD","0,0800","0,0900",-,-
FA5N9Z,EUR/USD,Call,"0,010000:1","1,280000 USD",20.03.2026 00:00:00,"1562,4592","1,1543 USD","0,0530","0,0630",-,-
FA5N93,EUR/USD,Put,"0,010000:1","1,200000 USD",20.03.2026 00:00:00,"26,7384","1,1543 USD","3,7200","3,7300",-,-
FA1ZGY,EUR/USD,Put,"0,010000:1","1,015000 USD",20.03.2026 00:00:00,"3703,9281","1,1543 USD","0,0170","0,0270",-,-
FA1ZGT,EUR/USD,Call,"0,010000:1","1,260000 USD",20.03.2026 00:00:00,"1000,1125","1,1543 USD","0,0900","0,1000",-,-
FA1ZGA,EUR/USD,Call,"0,010000:1","1,175000 USD",20.03.2026 00:00:00,"90,9035","1,1543 USD","1,1000","1,1100",-,-
FA1ZG1,EUR/USD,Put,"0,010000:1","1,030000 USD",20.03.2026 00:00:00,"2941,0742","1,1543 USD","0,0230","0,0330",-,-
FA7M6P,EUR/USD,Call,"0,010000:1","1,310000 USD",20.03.2026 00:00:00,"2777,8019","1,1543 USD","0,0270","0,0370",-,-
FA1ZF3,EUR/USD,Call,"0,010000:1","1,140000 USD",20.03.2026 00:00:00,"36,6306","1,1543 USD","2,7300","2,7400",-,-
FA1ZHL,EUR/USD,Put,"0,010000:1","1,125000 USD",20.03.2026 00:00:00,"196,0665","1,1543 USD","0,4900","0,5000",-,-
FA1ZHG,EUR/USD,Put,"0,010000:1","1,105000 USD",20.03.2026 00:00:00,"384,6453","1,1543 USD","0,2500","0,2600",-,-
FA12AE,EUR/USD,Put,"0,010000:1","1,190000 USD",20.03.2026 00:00:00,"32,5738","1,1543 USD","3,0500","3,0600",-,-
FA1ZGH,EUR/USD,Call,"0,010000:1","1,210000 USD",20.03.2026 00:00:00,"250,0108","1,1543 USD","0,4000","0,4100",-,-
FA1ZGM,EUR/USD,Call,"0,010000:1","1,230000 USD",20.03.2026 00:00:00,"434,8240","1,1543 USD","0,2200","0,2300",-,-
FA1ZG8,EUR/USD,Put,"0,010000:1","1,065000 USD",20.03.2026 00:00:00,"1265,7788","1,1543 USD","0,0680","0,0780",-,-
FA5N90,EUR/USD,Call,"0,010000:1","1,285000 USD",20.03.2026 00:00:00,"1724,2125","1,1543 USD","0,0490","0,0590",-,-
FA1ZGX,EUR/USD,Put,"0,010000:1","1,010000 USD",20.03.2026 00:00:00,"4000,4159","1,1543 USD","0,0150","0,0250",-,-
FA1ZGS,EUR/USD,Call,"0,010000:1","1,255000 USD",20.03.2026 00:00:00,"833,3983","1,1543 USD","0,1100","0,1200",-,-
FA1ZGE,EUR/USD,Call,"0,010000:1","1,195000 USD",20.03.2026 00:00:00,"161,2805","1,1543 USD","0,6200","0,6300",-,-
FA1ZG0,EUR/USD,Put,"0,010000:1","1,025000 USD",20.03.2026 00:00:00,"3225,7225","1,1543 USD","0,0210","0,0310",-,-
FA1ZGK,EUR/USD,Call,"0,010000:1","1,220000 USD",20.03.2026 00:00:00,"322,5694","1,1543 USD","0,3000","0,3100",-,-
FA1ZGF,EUR/USD,Call,"0,010000:1","1,200000 USD",20.03.2026 00:00:00,"185,1996","1,1543 USD","0,5300","0,5400",-,-
FA1ZG6,EUR/USD,Put,"0,010000:1","1,055000 USD",20.03.2026 00:00:00,"1666,7388","1,1543 USD","0,0490","0,0590",-,-
FA1ZGQ,EUR/USD,Call,"0,010000:1","1,245000 USD",20.03.2026 00:00:00,"666,7359","1,1543 USD","0,1400","0,1500",-,-
FA1ZGV,EUR/USD,Put,"0,010000:1","1,000000 USD",20.03.2026 00:00:00,"4348,2405","1,1543 USD","0,0130","0,0230",-,-
FA1ZGC,EUR/USD,Call,"0,010000:1","1,185000 USD",20.03.2026 00:00:00,"120,4777","1,1543 USD","0,8200","0,8300",-,-
FA1ZG3,EUR/USD,Put,"0,010000:1","1,040000 USD",20.03.2026 00:00:00,"2381,0554","1,1543 USD","0,0310","0,0410",-,-
FA1ZHY,EUR/USD,Put,"0,010000:1","1,185000 USD",20.03.2026 00:00:00,"36,3614","1,1543 USD","2,7200","2,7300",-,-
FA1ZHT,EUR/USD,Put,"0,010000:1","1,160000 USD",20.03.2026 00:00:00,"68,4937","1,1543 USD","1,4400","1,4500",-,-
FA1ZHA,EUR/USD,Put,"0,010000:1","1,075000 USD",20.03.2026 00:00:00,"909,1302","1,1543 USD","0,0930","0,1100",-,-
FA12AC,EUR/USD,Call,"0,010000:1","1,270000 USD",20.03.2026 00:00:00,"1234,4930","1,1543 USD","0,0720","0,0820",-,-
FA1ZGJ,EUR/USD,Call,"0,010000:1","1,215000 USD",20.03.2026 00:00:00,"285,7415","1,1543 USD","0,3400","0,3500",-,-
FA1ZG5,EUR/USD,Put,"0,010000:1","1,050000 USD",20.03.2026 00:00:00,"1886,6780","1,1543 USD","0,0420","0,0520",-,-
FD01RZ,EUR/USD,Call,"0,010000:1","1,195000 USD",19.06.2026 00:00:00,"83,3318","1,1543 USD","1,1900","1,2000",-,-
FD01RL,EUR/USD,Call,"0,010000:1","1,130000 USD",19.06.2026 00:00:00,"24,5689","1,1543 USD","4,0700","4,0700",-,-
FD01R6,EUR/USD,Call,"0,010000:1","1,230000 USD",19.06.2026 00:00:00,"172,4167","1,1543 USD","0,5700","0,5800",-,-
FD01TU,EUR/USD,Put,"0,010000:1","1,230000 USD",19.06.2026 00:00:00,"17,1231","1,1543 USD","5,8300","5,8500",-,-
FD01TP,EUR/USD,Put,"0,010000:1","1,205000 USD",19.06.2026 00:00:00,"24,2714","1,1543 USD","4,1100","4,1300",-,-
FD01TB,EUR/USD,Put,"0,010000:1","1,145000 USD",19.06.2026 00:00:00,"78,7394","1,1543 USD","1,2700","1,2700",-,-
FD01SZ,EUR/USD,Put,"0,010000:1","1,085000 USD",19.06.2026 00:00:00,"322,5862","1,1543 USD","0,3000","0,3100",-,-
FD01SG,EUR/USD,Call,"0,010000:1","1,280000 USD",19.06.2026 00:00:00,"454,5533","1,1543 USD","0,2100","0,2200",-,-
FD01SL,EUR/USD,Call,"0,010000:1","1,300000 USD",19.06.2026 00:00:00,"624,9945","1,1543 USD","0,1500","0,1600",-,-
FD01S2,EUR/USD,Put,"0,010000:1","1,100000 USD",19.06.2026 00:00:00,"232,5641","1,1543 USD","0,4200","0,4300",-,-
FD01TM,EUR/USD,Put,"0,010000:1","1,195000 USD",19.06.2026 00:00:00,"28,4887","1,1543 USD","3,4900","3,5100",-,-
FD01TH,EUR/USD,Put,"0,010000:1","1,175000 USD",19.06.2026 00:00:00,"41,3205","1,1543 USD","2,4000","2,4200",-,-
FD01RJ,EUR/USD,Call,"0,010000:1","1,120000 USD",19.06.2026 00:00:00,"21,1412","1,1543 USD","4,7200","4,7300",-,-
FD01R9,EUR/USD,Call,"0,010000:1","1,245000 USD",19.06.2026 00:00:00,"232,5601","1,1543 USD","0,4200","0,4300",-,-
FD01TQ,EUR/USD,Put,"0,010000:1","1,210000 USD",19.06.2026 00:00:00,"22,4721","1,1543 USD","4,4300","4,4500",-,-
FD01TC,EUR/USD,Put,"0,010000:1","1,150000 USD",19.06.2026 00:00:00,"69,9270","1,1543 USD","1,4100","1,4300",-,-
FD01RV,EUR/USD,Call,"0,010000:1","1,175000 USD",19.06.2026 00:00:00,"55,2481","1,1543 USD","1,7900","1,8100",-,-
FD01RQ,EUR/USD,Call,"0,010000:1","1,150000 USD",19.06.2026 00:00:00,"34,4812","1,1543 USD","2,9000","2,9000",-,-
FD01R2,EUR/USD,Call,"0,010000:1","1,210000 USD",19.06.2026 00:00:00,"114,9375","1,1543 USD","0,8700","0,8700",-,-
FD01ST,EUR/USD,Put,"0,010000:1","1,055000 USD",19.06.2026 00:00:00,"666,6782","1,1543 USD","0,1400","0,1500",-,-
FD01SY,EUR/USD,Put,"0,010000:1","1,080000 USD",19.06.2026 00:00:00,"370,3799","1,1543 USD","0,2600","0,2700",-,-
FD01SA,EUR/USD,Call,"0,010000:1","1,250000 USD",19.06.2026 00:00:00,"256,4080","1,1543 USD","0,3800","0,3900",-,-
FD01S5,EUR/USD,Put,"0,010000:1","1,115000 USD",19.06.2026 00:00:00,"161,2875","1,1543 USD","0,6100","0,6200",-,-
FD01TJ,EUR/USD,Put,"0,010000:1","1,180000 USD",19.06.2026 00:00:00,"37,5936","1,1543 USD","2,6500","2,6700",-,-
FD01TR,EUR/USD,Put,"0,010000:1","1,215000 USD",19.06.2026 00:00:00,"20,8759","1,1543 USD","4,7700","4,7900",-,-
FD01TD,EUR/USD,Put,"0,010000:1","1,155000 USD",19.06.2026 00:00:00,"62,4951","1,1543 USD","1,5800","1,6000",-,-
FD01RT,EUR/USD,Call,"0,010000:1","1,165000 USD",19.06.2026 00:00:00,"45,6617","1,1543 USD","2,1900","2,1900",-,-
FD01RY,EUR/USD,Call,"0,010000:1","1,190000 USD",19.06.2026 00:00:00,"75,1899","1,1543 USD","1,3200","1,3300",-,-
FD01R0,EUR/USD,Call,"0,010000:1","1,200000 USD",19.06.2026 00:00:00,"93,4595","1,1543 USD","1,0600","1,0600",-,-
FD01SW,EUR/USD,Put,"0,010000:1","1,070000 USD",19.06.2026 00:00:00,"476,2028","1,1543 USD","0,2000","0,2100",-,-
FD01SR,EUR/USD,Put,"0,010000:1","1,045000 USD",19.06.2026 00:00:00,"833,3694","1,1543 USD","0,1100","0,1200",-,-
FD01SD,EUR/USD,Call,"0,010000:1","1,265000 USD",19.06.2026 00:00:00,"344,8455","1,1543 USD","0,2800","0,2900",-,-
FD01S8,EUR/USD,Put,"0,010000:1","1,130000 USD",19.06.2026 00:00:00,"111,0995","1,1543 USD","0,8800","0,9000",-,-
FD01RM,EUR/USD,Call,"0,010000:1","1,135000 USD",19.06.2026 00:00:00,"26,6664","1,1543 USD","3,7500","3,7500",-,-
FD01RH,EUR/USD,Call,"0,010000:1","1,115000 USD",19.06.2026 00:00:00,"19,7247","1,1543 USD","5,0700","5,0700",-,-
FD01R7,EUR/USD,Call,"0,010000:1","1,235000 USD",19.06.2026 00:00:00,"192,3160","1,1543 USD","0,5200","0,5200",-,-
FD01SJ,EUR/USD,Call,"0,010000:1","1,290000 USD",19.06.2026 00:00:00,"526,3568","1,1543 USD","0,1800","0,1900",-,-
FD01S0,EUR/USD,Put,"0,010000:1","1,090000 USD",19.06.2026 00:00:00,"294,1405","1,1543 USD","0,3300","0,3400",-,-
FD01TG,EUR/USD,Put,"0,010000:1","1,170000 USD",19.06.2026 00:00:00,"45,6628","1,1543 USD","2,1700","2,1900",-,-
FD01TL,EUR/USD,Put,"0,010000:1","1,190000 USD",19.06.2026 00:00:00,"31,1531","1,1543 USD","3,1900","3,2100",-,-
FD01SM,EUR/USD,Call,"0,010000:1","1,305000 USD",19.06.2026 00:00:00,"714,3414","1,1543 USD","0,1300","0,1400",-,-
FD01SH,EUR/USD,Call,"0,010000:1","1,285000 USD",19.06.2026 00:00:00,"500,0476","1,1543 USD","0,1900","0,2000",-,-
FD01S3,EUR/USD,Put,"0,010000:1","1,105000 USD",19.06.2026 00:00:00,"204,0975","1,1543 USD","0,4800","0,4900",-,-
FD01RW,EUR/USD,Call,"0,010000:1","1,180000 USD",19.06.2026 00:00:00,"61,3523","1,1543 USD","1,6300","1,6300",-,-
FD01RR,EUR/USD,Call,"0,010000:1","1,155000 USD",19.06.2026 00:00:00,"37,7345","1,1543 USD","2,6500","2,6500",-,-
FD01R3,EUR/USD,Call,"0,010000:1","1,215000 USD",19.06.2026 00:00:00,"126,5954","1,1543 USD","0,7800","0,7900",-,-
FD01SU,EUR/USD,Put,"0,010000:1","1,060000 USD",19.06.2026 00:00:00,"588,2964","1,1543 USD","0,1600","0,1700",-,-
FD01SP,EUR/USD,Put,"0,010000:1","1,035000 USD",19.06.2026 00:00:00,"1020,4523","1,1543 USD","0,0870","0,0980",-,-
FD01SB,EUR/USD,Call,"0,010000:1","1,255000 USD",19.06.2026 00:00:00,"285,7440","1,1543 USD","0,3400","0,3500",-,-
FD01S6,EUR/USD,Put,"0,010000:1","1,120000 USD",19.06.2026 00:00:00,"140,8401","1,1543 USD","0,6900","0,7000",-,-
FD01TN,EUR/USD,Put,"0,010000:1","1,200000 USD",19.06.2026 00:00:00,"26,2460","1,1543 USD","3,7900","3,8100",-,-
FD01RK,EUR/USD,Call,"0,010000:1","1,125000 USD",19.06.2026 00:00:00,"22,7800","1,1543 USD","4,3900","4,4000",-,-
FD01R5,EUR/USD,Call,"0,010000:1","1,225000 USD",19.06.2026 00:00:00,"156,2621","1,1543 USD","0,6300","0,6400",-,-
FD01SS,EUR/USD,Put,"0,010000:1","1,050000 USD",19.06.2026 00:00:00,"769,2907","1,1543 USD","0,1200","0,1300",-,-
FD01SX,EUR/USD,Put,"0,010000:1","1,075000 USD",19.06.2026 00:00:00,"416,7100","1,1543 USD","0,2300","0,2400",-,-
FD01SE,EUR/USD,Call,"0,010000:1","1,270000 USD",19.06.2026 00:00:00,"384,6453","1,1543 USD","0,2500","0,2600",-,-
FD01S9,EUR/USD,Put,"0,010000:1","1,135000 USD",19.06.2026 00:00:00,"99,0141","1,1543 USD","0,9900","1,0100",-,-
FD01SF,EUR/USD,Call,"0,010000:1","1,275000 USD",19.06.2026 00:00:00,"416,7100","1,1543 USD","0,2300","0,2400",-,-
FD01SK,EUR/USD,Call,"0,010000:1","1,295000 USD",19.06.2026 00:00:00,"588,2709","1,1543 USD","0,1600","0,1700",-,-
FD01S1,EUR/USD,Put,"0,010000:1","1,095000 USD",19.06.2026 00:00:00,"263,1487","1,1543 USD","0,3800","0,3900",-,-
FD01RN,EUR/USD,Call,"0,010000:1","1,140000 USD",19.06.2026 00:00:00,"28,9857","1,1543 USD","3,4500","3,4600",-,-
FD01R8,EUR/USD,Call,"0,010000:1","1,240000 USD",19.06.2026 00:00:00,"212,7751","1,1543 USD","0,4700","0,4800",-,-
FD01TS,EUR/USD,Put,"0,010000:1","1,220000 USD",19.06.2026 00:00:00,"19,4540","1,1543 USD","5,1100","5,1300",-,-
FD01TE,EUR/USD,Put,"0,010000:1","1,160000 USD",19.06.2026 00:00:00,"56,5020","1,1543 USD","1,7500","1,7600",-,-
FD01RU,EUR/USD,Call,"0,010000:1","1,170000 USD",19.06.2026 00:00:00,"49,9986","1,1543 USD","1,9800","1,9900",-,-
FD01RP,EUR/USD,Call,"0,010000:1","1,145000 USD",19.06.2026 00:00:00,"31,5484","1,1543 USD","3,1700","3,1800",-,-
FD01R1,EUR/USD,Call,"0,010000:1","1,205000 USD",19.06.2026 00:00:00,"103,1008","1,1543 USD","0,9600","0,9700",-,-
FD01SN,EUR/USD,Call,"0,010000:1","1,310000 USD",19.06.2026 00:00:00,"769,2841","1,1543 USD","0,1200","0,1300",-,-
FD01S4,EUR/USD,Put,"0,010000:1","1,110000 USD",19.06.2026 00:00:00,"181,8323","1,1543 USD","0,5400","0,5500",-,-
FD01TF,EUR/USD,Put,"0,010000:1","1,165000 USD",19.06.2026 00:00:00,"50,7658","1,1543 USD","1,9500","1,9600",-,-
FD01TK,EUR/USD,Put,"0,010000:1","1,185000 USD",19.06.2026 00:00:00,"34,1311","1,1543 USD","2,9100","2,9200",-,-
FD01SV,EUR/USD,Put,"0,010000:1","1,065000 USD",19.06.2026 00:00:00,"526,3249","1,1543 USD","0,1800","0,1900",-,-
FD01SQ,EUR/USD,Put,"0,010000:1","1,040000 USD",19.06.2026 00:00:00,"909,1539","1,1543 USD","0,0990","0,1100",-,-
FD01SC,EUR/USD,Call,"0,010000:1","1,260000 USD",19.06.2026 00:00:00,"312,5243","1,1543 USD","0,3100","0,3200",-,-
FD01S7,EUR/USD,Put,"0,010000:1","1,125000 USD",19.06.2026 00:00:00,"126,5778","1,1543 USD","0,7900","0,8000",-,-
FD01TT,EUR/USD,Put,"0,010000:1","1,225000 USD",19.06.2026 00:00:00,"18,2152","1,1543 USD","5,4700","5,4800",-,-
FD01TA,EUR/USD,Put,"0,010000:1","1,140000 USD",19.06.2026 00:00:00,"88,5024","1,1543 USD","1,1200","1,1300",-,-
FD01RS,EUR/USD,Call,"0,010000:1","1,160000 USD",19.06.2026 00:00:00,"41,4955","1,1543 USD","2,4100","2,4200",-,-
FD01RX,EUR/USD,Call,"0,010000:1","1,185000 USD",19.06.2026 00:00:00,"68,0301","1,1543 USD","1,4700","1,4800",-,-
FD01R4,EUR/USD,Call,"0,010000:1","1,220000 USD",19.06.2026 00:00:00,"140,8560","1,1543 USD","0,7000","0,7100",-,-
FA7M6X,EUR/USD,Call,"0,010000:1","1,315000 USD",18.09.2026 00:00:00,"370,3767","1,1543 USD","0,2600","0,2700",-,-
FA1ZLC,EUR/USD,Put,"0,010000:1","1,200000 USD",18.09.2026 00:00:00,"25,5104","1,1543 USD","3,9000","3,9200",-,-
FA1ZJX,EUR/USD,Call,"0,010000:1","1,225000 USD",18.09.2026 00:00:00,"95,2372","1,1543 USD","1,0400","1,0500",-,-
FA1ZJS,EUR/USD,Call,"0,010000:1","1,200000 USD",18.09.2026 00:00:00,"62,8914","1,1543 USD","1,5800","1,5900",-,-
FA1ZJE,EUR/USD,Call,"0,010000:1","1,140000 USD",18.09.2026 00:00:00,"24,4494","1,1543 USD","4,0800","4,0900",-,-
FA1ZJ6,EUR/USD,Put,"0,010000:1","1,000000 USD",18.09.2026 00:00:00,"1020,4170","1,1543 USD","0,0880","0,0980",-,-
FA1ZH7,EUR/USD,Call,"0,010000:1","1,105000 USD",18.09.2026 00:00:00,"15,8229","1,1543 USD","6,3200","6,3200",-,-
FA1ZJK,EUR/USD,Call,"0,010000:1","1,165000 USD",18.09.2026 00:00:00,"35,3353","1,1543 USD","2,8200","2,8200",-,-
FA1ZJF,EUR/USD,Call,"0,010000:1","1,145000 USD",18.09.2026 00:00:00,"26,2469","1,1543 USD","3,8100","3,8100",-,-
FA1ZJ3,EUR/USD,Call,"0,010000:1","1,255000 USD",18.09.2026 00:00:00,"153,8474","1,1543 USD","0,6400","0,6500",-,-
FA1ZH1,EUR/USD,Call,"0,010000:1","1,075000 USD",18.09.2026 00:00:00,"11,7365","1,1543 USD","8,5200","8,5200",-,-
FA12AH,EUR/USD,Call,"0,010000:1","1,275000 USD",18.09.2026 00:00:00,"208,3351","1,1543 USD","0,4700","0,4800",-,-
FA1ZH9,EUR/USD,Call,"0,010000:1","1,115000 USD",18.09.2026 00:00:00,"17,7297","1,1543 USD","5,6400","5,6400",-,-
FA5PAA,EUR/USD,Call,"0,010000:1","1,295000 USD",18.09.2026 00:00:00,"277,7753","1,1543 USD","0,3500","0,3500",-,-
FA1ZJR,EUR/USD,Call,"0,010000:1","1,195000 USD",18.09.2026 00:00:00,"58,1370","1,1543 USD","1,7200","1,7200",-,-
FA1ZJW,EUR/USD,Call,"0,010000:1","1,220000 USD",18.09.2026 00:00:00,"86,9572","1,1543 USD","1,1400","1,1500",-,-
FA1ZJD,EUR/USD,Call,"0,010000:1","1,135000 USD",18.09.2026 00:00:00,"22,8310","1,1543 USD","4,3700","4,3800",-,-
FA1ZJ5,EUR/USD,Call,"0,010000:1","1,265000 USD",18.09.2026 00:00:00,"178,5698","1,1543 USD","0,5500","0,5600",-,-
FA1ZKN,EUR/USD,Put,"0,010000:1","1,080000 USD",18.09.2026 00:00:00,"227,2707","1,1543 USD","0,4300","0,4400",-,-
FA1ZK5,EUR/USD,Put,"0,010000:1","1,165000 USD",18.09.2026 00:00:00,"45,0446","1,1543 USD","2,2100","2,2200",-,-
FA1ZJN,EUR/USD,Call,"0,010000:1","1,180000 USD",18.09.2026 00:00:00,"45,2492","1,1543 USD","2,2100","2,2100",-,-
FA1ZJ1,EUR/USD,Call,"0,010000:1","1,245000 USD",18.09.2026 00:00:00,"131,5778","1,1543 USD","0,7500","0,7600",-,-
FA5N99,EUR/USD,Call,"0,010000:1","1,290000 USD",18.09.2026 00:00:00,"263,1624","1,1543 USD","0,3700","0,3800",-,-
FA1ZH2,EUR/USD,Call,"0,010000:1","1,080000 USD",18.09.2026 00:00:00,"12,2844","1,1543 USD","8,1400","8,1400",-,-
FA5PAB,EUR/USD,Put,"0,010000:1","1,215000 USD",18.09.2026 00:00:00,"20,7891","1,1543 USD","4,7900","4,8100",-,-
FA7M6V,EUR/USD,Call,"0,010000:1","1,305000 USD",18.09.2026 00:00:00,"322,5722","1,1543 USD","0,3000","0,3100",-,-
FA1ZJQ,EUR/USD,Call,"0,010000:1","1,190000 USD",18.09.2026 00:00:00,"53,4736","1,1543 USD","1,8700","1,8700",-,-
FA1ZJV,EUR/USD,Call,"0,010000:1","1,215000 USD",18.09.2026 00:00:00,"80,6444","1,1543 USD","1,2300","1,2400",-,-
FA1ZJC,EUR/USD,Call,"0,010000:1","1,130000 USD",18.09.2026 00:00:00,"21,3675","1,1543 USD","4,6700","4,6800",-,-
FA1ZJ9,EUR/USD,Put,"0,010000:1","1,015000 USD",18.09.2026 00:00:00,"769,2374","1,1543 USD","0,1200","0,1300",-,-
FA1ZH5,EUR/USD,Call,"0,010000:1","1,095000 USD",18.09.2026 00:00:00,"14,2241","1,1543 USD","7,0300","7,0300",-,-
FA1ZH4,EUR/USD,Call,"0,010000:1","1,090000 USD",18.09.2026 00:00:00,"13,5133","1,1543 USD","7,4000","7,3900",-,-
FA1ZKZ,EUR/USD,Put,"0,010000:1","1,135000 USD",18.09.2026 00:00:00,"78,7394","1,1543 USD","1,2500","1,2700",-,-
FA1ZKL,EUR/USD,Put,"0,010000:1","1,070000 USD",18.09.2026 00:00:00,"277,7922","1,1543 USD","0,3500","0,3600",-,-
FA1ZKG,EUR/USD,Put,"0,010000:1","1,050000 USD",18.09.2026 00:00:00,"400,0069","1,1543 USD","0,2400","0,2500",-,-
FA1ZK8,EUR/USD,Put,"0,010000:1","1,180000 USD",18.09.2026 00:00:00,"34,7207","1,1543 USD","2,8600","2,8800",-,-
FA7M6W,EUR/USD,Call,"0,010000:1","1,310000 USD",18.09.2026 00:00:00,"344,8470","1,1543 USD","0,2800","0,2900",-,-
FA1ZLB,EUR/USD,Put,"0,010000:1","1,195000 USD",18.09.2026 00:00:00,"27,3973","1,1543 USD","3,6300","3,6500",-,-
FA1ZKR,EUR/USD,Put,"0,010000:1","1,095000 USD",18.09.2026 00:00:00,"172,4235","1,1543 USD","0,5600","0,5800",-,-
FA1ZKW,EUR/USD,Put,"0,010000:1","1,120000 USD",18.09.2026 00:00:00,"106,3917","1,1543 USD","0,9200","0,9400",-,-
FA1ZKD,EUR/USD,Put,"0,010000:1","1,035000 USD",18.09.2026 00:00:00,"555,6012","1,1543 USD","0,1700","0,1800",-,-
FA1ZK0,EUR/USD,Put,"0,010000:1","1,140000 USD",18.09.2026 00:00:00,"71,9415","1,1543 USD","1,3700","1,3900",-,-
FA1ZJP,EUR/USD,Call,"0,010000:1","1,185000 USD",18.09.2026 00:00:00,"49,2600","1,1543 USD","2,0300","2,0300",-,-
FA1ZJU,EUR/USD,Call,"0,010000:1","1,210000 USD",18.09.2026 00:00:00,"74,0827","1,1543 USD","1,3400","1,3500",-,-
FA1ZJB,EUR/USD,Call,"0,010000:1","1,125000 USD",18.09.2026 00:00:00,"20,0401","1,1543 USD","4,9900","4,9800",-,-
FA1ZJ8,EUR/USD,Put,"0,010000:1","1,010000 USD",18.09.2026 00:00:00,"833,4525","1,1543 USD","0,1100","0,1200",-,-
FA12AK,EUR/USD,Put,"0,010000:1","1,210000 USD",18.09.2026 00:00:00,"22,1723","1,1543 USD","4,4900","4,5100",-,-
FA7M6Z,EUR/USD,Put,"0,010000:1","1,225000 USD",18.09.2026 00:00:00,"18,2818","1,1543 USD","5,4500","5,4700",-,-
FA1ZJZ,EUR/USD,Call,"0,010000:1","1,235000 USD",18.09.2026 00:00:00,"112,3683","1,1543 USD","0,8800","0,8900",-,-
FA1ZJL,EUR/USD,Call,"0,010000:1","1,170000 USD",18.09.2026 00:00:00,"38,4642","1,1543 USD","2,5900","2,6000",-,-
FA1ZJG,EUR/USD,Call,"0,010000:1","1,150000 USD",18.09.2026 00:00:00,"28,2490","1,1543 USD","3,5400","3,5400",-,-
FA1ZJ4,EUR/USD,Call,"0,010000:1","1,260000 USD",18.09.2026 00:00:00,"166,6796","1,1543 USD","0,5900","0,6000",-,-
FA1ZH0,EUR/USD,Call,"0,010000:1","1,070000 USD",18.09.2026 00:00:00,"11,2361","1,1543 USD","8,9000","8,9000",-,-
FA1ZJY,EUR/USD,Call,"0,010000:1","1,230000 USD",18.09.2026 00:00:00,"103,1026","1,1543 USD","0,9700","0,9700",-,-
FA1ZJT,EUR/USD,Call,"0,010000:1","1,205000 USD",18.09.2026 00:00:00,"68,0248","1,1543 USD","1,4600","1,4700",-,-
FA1ZJA,EUR/USD,Call,"0,010000:1","1,120000 USD",18.09.2026 00:00:00,"18,8687","1,1543 USD","5,3000","5,3000",-,-
FA1ZJ7,EUR/USD,Put,"0,010000:1","1,005000 USD",18.09.2026 00:00:00,"909,1696","1,1543 USD","0,0970","0,1100",-,-
FA1ZH8,EUR/USD,Call,"0,010000:1","1,110000 USD",18.09.2026 00:00:00,"16,7218","1,1543 USD","5,9800","5,9800",-,-
FA1ZKQ,EUR/USD,Put,"0,010000:1","1,090000 USD",18.09.2026 00:00:00,"192,3293","1,1543 USD","0,5100","0,5200",-,-
FA1ZKV,EUR/USD,Put,"0,010000:1","1,115000 USD",18.09.2026 00:00:00,"117,6552","1,1543 USD","0,8400","0,8500",-,-
FA1ZKC,EUR/USD,Put,"0,010000:1","1,030000 USD",18.09.2026 00:00:00,"588,2811","1,1543 USD","0,1600","0,1700",-,-
FA1ZK4,EUR/USD,Put,"0,010000:1","1,160000 USD",18.09.2026 00:00:00,"49,5083","1,1543 USD","2,0100","2,0200",-,-
FA7M6Y,EUR/USD,Put,"0,010000:1","1,220000 USD",18.09.2026 00:00:00,"19,4545","1,1543 USD","5,1200","5,1500",-,-
FA1ZKJ,EUR/USD,Put,"0,010000:1","1,060000 USD",18.09.2026 00:00:00,"333,3679","1,1543 USD","0,2900","0,3000",-,-
FA1ZK6,EUR/USD,Put,"0,010000:1","1,170000 USD",18.09.2026 00:00:00,"41,1540","1,1543 USD","2,4100","2,4300",-,-
FA7M6U,EUR/USD,Call,"0,010000:1","1,300000 USD",18.09.2026 00:00:00,"303,0591","1,1543 USD","0,3200","0,3300",-,-
FA1ZKP,EUR/USD,Put,"0,010000:1","1,085000 USD",18.09.2026 00:00:00,"208,3279","1,1543 USD","0,4700","0,4800",-,-
FA1ZKU,EUR/USD,Put,"0,010000:1","1,110000 USD",18.09.2026 00:00:00,"129,8802","1,1543 USD","0,7600","0,7700",-,-
FA1ZKB,EUR/USD,Put,"0,010000:1","1,025000 USD",18.09.2026 00:00:00,"666,6782","1,1543 USD","0,1400","0,1500",-,-
FA1ZK3,EUR/USD,Put,"0,010000:1","1,155000 USD",18.09.2026 00:00:00,"54,3520","1,1543 USD","1,8300","1,8400",-,-
FA5N97,EUR/USD,Call,"0,010000:1","1,280000 USD",18.09.2026 00:00:00,"227,2943","1,1543 USD","0,4300","0,4400",-,-
FA1ZJJ,EUR/USD,Call,"0,010000:1","1,160000 USD",18.09.2026 00:00:00,"32,7883","1,1543 USD","3,0500","3,0600",-,-
FA1ZJ2,EUR/USD,Call,"0,010000:1","1,250000 USD",18.09.2026 00:00:00,"142,8682","1,1543 USD","0,6900","0,7000",-,-
FA1ZHZ,EUR/USD,Call,"0,010000:1","1,065000 USD",18.09.2026 00:00:00,"10,7639","1,1543 USD","9,2900","9,2900",-,-
FA1ZH3,EUR/USD,Call,"0,010000:1","1,085000 USD",18.09.2026 00:00:00,"12,8858","1,1543 USD","7,7700","7,7700",-,-
FA1ZKH,EUR/USD,Put,"0,010000:1","1,055000 USD",18.09.2026 00:00:00,"370,4088","1,1543 USD","0,2600","0,2700",-,-
FA1ZKM,EUR/USD,Put,"0,010000:1","1,075000 USD",18.09.2026 00:00:00,"250,0194","1,1543 USD","0,3900","0,4000",-,-
FA1ZK9,EUR/USD,Put,"0,010000:1","1,185000 USD",18.09.2026 00:00:00,"32,0526","1,1543 USD","3,1000","3,1200",-,-
FA1ZKY,EUR/USD,Put,"0,010000:1","1,130000 USD",18.09.2026 00:00:00,"86,9633","1,1543 USD","1,1400","1,1500",-,-
FA1ZKT,EUR/USD,Put,"0,010000:1","1,105000 USD",18.09.2026 00:00:00,"142,8682","1,1543 USD","0,6900","0,7000",-,-
FA1ZKA,EUR/USD,Put,"0,010000:1","1,020000 USD",18.09.2026 00:00:00,"714,3414","1,1543 USD","0,1300","0,1400",-,-
FA1ZK2,EUR/USD,Put,"0,010000:1","1,150000 USD",18.09.2026 00:00:00,"59,5263","1,1543 USD","1,6600","1,6700",-,-
FA5N98,EUR/USD,Call,"0,010000:1","1,285000 USD",18.09.2026 00:00:00,"243,9278","1,1543 USD","0,4000","0,4100",-,-
FA1ZLA,EUR/USD,Put,"0,010000:1","1,190000 USD",18.09.2026 00:00:00,"29,5842","1,1543 USD","3,3600","3,3700",-,-
FA1ZJH,EUR/USD,Call,"0,010000:1","1,155000 USD",18.09.2026 00:00:00,"30,3964","1,1543 USD","3,2900","3,3000",-,-
FA1ZJM,EUR/USD,Call,"0,010000:1","1,175000 USD",18.09.2026 00:00:00,"41,6695","1,1543 USD","2,3900","2,4000",-,-
FA1ZJ0,EUR/USD,Call,"0,010000:1","1,240000 USD",18.09.2026 00:00:00,"121,9628","1,1543 USD","0,8200","0,8300",-,-
FA1ZKX,EUR/USD,Put,"0,010000:1","1,125000 USD",18.09.2026 00:00:00,"97,0941","1,1543 USD","1,0200","1,0300",-,-
FA1ZKS,EUR/USD,Put,"0,010000:1","1,100000 USD",18.09.2026 00:00:00,"158,7425","1,1543 USD","0,6200","0,6300",-,-
FA1ZKE,EUR/USD,Put,"0,010000:1","1,040000 USD",18.09.2026 00:00:00,"500,0086","1,1543 USD","0,1900","0,2000",-,-
FA1ZK1,EUR/USD,Put,"0,010000:1","1,145000 USD",18.09.2026 00:00:00,"65,3560","1,1543 USD","1,5100","1,5200",-,-
FA12AJ,EUR/USD,Put,"0,010000:1","1,205000 USD",18.09.2026 00:00:00,"23,7521","1,1543 USD","4,1900","4,2000",-,-
FA7M60,EUR/USD,Put,"0,010000:1","1,230000 USD",18.09.2026 00:00:00,"17,2406","1,1543 USD","5,7700","5,7800",-,-
FA1ZH6,EUR/USD,Call,"0,010000:1","1,100000 USD",18.09.2026 00:00:00,"14,9931","1,1543 USD","6,6700","6,6800",-,-
FA1ZKK,EUR/USD,Put,"0,010000:1","1,065000 USD",18.09.2026 00:00:00,"303,0591","1,1543 USD","0,3200","0,3300",-,-
FA1ZKF,EUR/USD,Put,"0,010000:1","1,045000 USD",18.09.2026 00:00:00,"454,5927","1,1543 USD","0,2100","0,2200",-,-
FA1ZK7,EUR/USD,Put,"0,010000:1","1,175000 USD",18.09.2026 00:00:00,"37,7338","1,1543 USD","2,6300","2,6400",-,-
FA12AG,EUR/USD,Call,"0,010000:1","1,270000 USD",18.09.2026 00:00:00,"192,3243","1,1543 USD","0,5100","0,5200",-,-
FD01VM,EUR/USD,Put,"0,010000:1","1,135000 USD",18.12.2026 00:00:00,"67,1111","1,1543 USD","1,4600","1,4900",-,-
FD01VH,EUR/USD,Put,"0,010000:1","1,115000 USD",18.12.2026 00:00:00,"94,3379","1,1543 USD","1,0400","1,0600",-,-
FD01UU,EUR/USD,Call,"0,010000:1","1,280000 USD",18.12.2026 00:00:00,"144,9262","1,1543 USD","0,6700","0,6900",-,-
FD01UP,EUR/USD,Call,"0,010000:1","1,255000 USD",18.12.2026 00:00:00,"105,2622","1,1543 USD","0,9300","0,9500",-,-
FD01UB,EUR/USD,Call,"0,010000:1","1,195000 USD",18.12.2026 00:00:00,"45,0430","1,1543 USD","2,2100","2,2200",-,-
FD01U6,EUR/USD,Put,"0,010000:1","1,060000 USD",18.12.2026 00:00:00,"232,5541","1,1543 USD","0,4100","0,4300",-,-
FD01VS,EUR/USD,Put,"0,010000:1","1,160000 USD",18.12.2026 00:00:00,"44,8422","1,1543 USD","2,2100","2,2300",-,-
FD01VX,EUR/USD,Put,"0,010000:1","1,185000 USD",18.12.2026 00:00:00,"30,5807","1,1543 USD","3,2500","3,2800",-,-
FD01VE,EUR/USD,Put,"0,010000:1","1,100000 USD",18.12.2026 00:00:00,"121,9512","1,1543 USD","0,8000","0,8200",-,-
FD01V0,EUR/USD,Put,"0,010000:1","1,200000 USD",18.12.2026 00:00:00,"24,8745","1,1543 USD","3,9900","4,0200",-,-
FD01T2,EUR/USD,Call,"0,010000:1","1,150000 USD",18.12.2026 00:00:00,"24,4488","1,1543 USD","4,0800","4,0900",-,-
FD01VF,EUR/USD,Put,"0,010000:1","1,105000 USD",18.12.2026 00:00:00,"111,1091","1,1543 USD","0,8800","0,9000",-,-
FD01VK,EUR/USD,Put,"0,010000:1","1,125000 USD",18.12.2026 00:00:00,"79,3616","1,1543 USD","1,2300","1,2600",-,-
FD01V6,EUR/USD,Put,"0,010000:1","1,230000 USD",18.12.2026 00:00:00,"17,2710","1,1543 USD","5,7700","5,8000",-,-
FD01T8,EUR/USD,Call,"0,010000:1","1,180000 USD",18.12.2026 00:00:00,"36,4960","1,1543 USD","2,7200","2,7300",-,-
FD01TV,EUR/USD,Call,"0,010000:1","1,115000 USD",18.12.2026 00:00:00,"16,2600","1,1543 USD","6,1300","6,1500",-,-
FD01T3,EUR/USD,Call,"0,010000:1","1,155000 USD",18.12.2026 00:00:00,"26,1094","1,1543 USD","3,8100","3,8300",-,-
FD01VW,EUR/USD,Put,"0,010000:1","1,180000 USD",18.12.2026 00:00:00,"32,7854","1,1543 USD","3,0200","3,0500",-,-
FD01VR,EUR/USD,Put,"0,010000:1","1,155000 USD",18.12.2026 00:00:00,"48,5436","1,1543 USD","2,0300","2,0600",-,-
FD01VD,EUR/USD,Put,"0,010000:1","1,095000 USD",18.12.2026 00:00:00,"133,3356","1,1543 USD","0,7300","0,7500",-,-
FD01V4,EUR/USD,Put,"0,010000:1","1,220000 USD",18.12.2026 00:00:00,"19,3421","1,1543 USD","5,1500","5,1700",-,-
FD01UW,EUR/USD,Call,"0,010000:1","1,290000 USD",18.12.2026 00:00:00,"163,9372","1,1543 USD","0,5900","0,6100",-,-
FD01UR,EUR/USD,Call,"0,010000:1","1,265000 USD",18.12.2026 00:00:00,"119,0486","1,1543 USD","0,8200","0,8400",-,-
FD01UD,EUR/USD,Call,"0,010000:1","1,205000 USD",18.12.2026 00:00:00,"51,8130","1,1543 USD","1,9100","1,9300",-,-
FD01U8,EUR/USD,Put,"0,010000:1","1,070000 USD",18.12.2026 00:00:00,"199,9982","1,1543 USD","0,4800","0,5000",-,-
FD01VJ,EUR/USD,Put,"0,010000:1","1,120000 USD",18.12.2026 00:00:00,"86,9527","1,1543 USD","1,1300","1,1500",-,-
FD01V5,EUR/USD,Put,"0,010000:1","1,225000 USD",18.12.2026 00:00:00,"18,2478","1,1543 USD","5,4500","5,4800",-,-
FD01T5,EUR/USD,Call,"0,010000:1","1,165000 USD",18.12.2026 00:00:00,"29,7616","1,1543 USD","3,3400","3,3500",-,-
FD01VU,EUR/USD,Put,"0,010000:1","1,170000 USD",18.12.2026 00:00:00,"38,3125","1,1543 USD","2,5800","2,6100",-,-
FD01VP,EUR/USD,Put,"0,010000:1","1,145000 USD",18.12.2026 00:00:00,"57,4707","1,1543 USD","1,7200","1,7500",-,-
FD01VB,EUR/USD,Put,"0,010000:1","1,085000 USD",18.12.2026 00:00:00,"156,2486","1,1543 USD","0,6200","0,6400",-,-
FD01V2,EUR/USD,Put,"0,010000:1","1,210000 USD",18.12.2026 00:00:00,"21,8824","1,1543 USD","4,5400","4,5800",-,-
FD01TW,EUR/USD,Call,"0,010000:1","1,120000 USD",18.12.2026 00:00:00,"17,1809","1,1543 USD","5,8000","5,8100",-,-
FD01T4,EUR/USD,Call,"0,010000:1","1,160000 USD",18.12.2026 00:00:00,"27,8549","1,1543 USD","3,5600","3,5800",-,-
FD01UM,EUR/USD,Call,"0,010000:1","1,245000 USD",18.12.2026 00:00:00,"91,7494","1,1543 USD","1,0700","1,0900",-,-
FD01UH,EUR/USD,Call,"0,010000:1","1,225000 USD",18.12.2026 00:00:00,"68,9702","1,1543 USD","1,4300","1,4500",-,-
FD01U3,EUR/USD,Put,"0,010000:1","1,045000 USD",18.12.2026 00:00:00,"303,0539","1,1543 USD","0,3100","0,3300",-,-
FD01UT,EUR/USD,Call,"0,010000:1","1,275000 USD",18.12.2026 00:00:00,"135,1491","1,1543 USD","0,7200","0,7400",-,-
FD01UY,EUR/USD,Call,"0,010000:1","1,300000 USD",18.12.2026 00:00:00,"185,1803","1,1543 USD","0,5200","0,5400",-,-
FD01UA,EUR/USD,Call,"0,010000:1","1,190000 USD",18.12.2026 00:00:00,"42,0146","1,1543 USD","2,3700","2,3900",-,-
FD01U5,EUR/USD,Put,"0,010000:1","1,055000 USD",18.12.2026 00:00:00,"256,4302","1,1543 USD","0,3700","0,3900",-,-
FD01TZ,EUR/USD,Call,"0,010000:1","1,135000 USD",18.12.2026 00:00:00,"20,4090","1,1543 USD","4,8900","4,9000",-,-
FD01T7,EUR/USD,Call,"0,010000:1","1,175000 USD",18.12.2026 00:00:00,"34,1323","1,1543 USD","2,9100","2,9300",-,-
FD01UN,EUR/USD,Call,"0,010000:1","1,250000 USD",18.12.2026 00:00:00,"98,0494","1,1543 USD","1,0000","1,0200",-,-
FD01U4,EUR/USD,Put,"0,010000:1","1,050000 USD",18.12.2026 00:00:00,"277,8066","1,1543 USD","0,3400","0,3600",-,-
FD01UJ,EUR/USD,Call,"0,010000:1","1,230000 USD",18.12.2026 00:00:00,"74,6339","1,1543 USD","1,3300","1,3400",-,-
FD01U0,EUR/USD,Call,"0,010000:1","1,310000 USD",18.12.2026 00:00:00,"208,3495","1,1543 USD","0,4600","0,4800",-,-
FD01VZ,EUR/USD,Put,"0,010000:1","1,195000 USD",18.12.2026 00:00:00,"26,5263","1,1543 USD","3,7400","3,7600",-,-
FD01VG,EUR/USD,Put,"0,010000:1","1,110000 USD",18.12.2026 00:00:00,"102,0452","1,1543 USD","0,9500","0,9700",-,-
FD01VL,EUR/USD,Put,"0,010000:1","1,130000 USD",18.12.2026 00:00:00,"72,9958","1,1543 USD","1,3400","1,3700",-,-
FD01T9,EUR/USD,Call,"0,010000:1","1,185000 USD",18.12.2026 00:00:00,"39,2187","1,1543 USD","2,5300","2,5500",-,-
FD01UV,EUR/USD,Call,"0,010000:1","1,285000 USD",18.12.2026 00:00:00,"153,8421","1,1543 USD","0,6300","0,6500",-,-
FD01UQ,EUR/USD,Call,"0,010000:1","1,260000 USD",18.12.2026 00:00:00,"112,3702","1,1543 USD","0,8700","0,8900",-,-
FD01UC,EUR/USD,Call,"0,010000:1","1,200000 USD",18.12.2026 00:00:00,"48,3125","1,1543 USD","2,0500","2,0700",-,-
FD01U7,EUR/USD,Put,"0,010000:1","1,065000 USD",18.12.2026 00:00:00,"217,4139","1,1543 USD","0,4400","0,4600",-,-
FD01UF,EUR/USD,Call,"0,010000:1","1,215000 USD",18.12.2026 00:00:00,"59,8859","1,1543 USD","1,6600","1,6700",-,-
FD01UK,EUR/USD,Call,"0,010000:1","1,235000 USD",18.12.2026 00:00:00,"80,0069","1,1543 USD","1,2400","1,2500",-,-
FD01U1,EUR/USD,Put,"0,010000:1","1,035000 USD",18.12.2026 00:00:00,"357,1676","1,1543 USD","0,2600","0,2800",-,-
FD01US,EUR/USD,Call,"0,010000:1","1,270000 USD",18.12.2026 00:00:00,"126,5954","1,1543 USD","0,7700","0,7900",-,-
FD01UX,EUR/USD,Call,"0,010000:1","1,295000 USD",18.12.2026 00:00:00,"175,4507","1,1543 USD","0,5500","0,5700",-,-
FD01UE,EUR/USD,Call,"0,010000:1","1,210000 USD",18.12.2026 00:00:00,"55,8630","1,1543 USD","1,7800","1,8000",-,-
FD01U9,EUR/USD,Put,"0,010000:1","1,075000 USD",18.12.2026 00:00:00,"185,2060","1,1543 USD","0,5200","0,5400",-,-
FD01VV,EUR/USD,Put,"0,010000:1","1,175000 USD",18.12.2026 00:00:00,"35,4613","1,1543 USD","2,7900","2,8100",-,-
FD01VQ,EUR/USD,Put,"0,010000:1","1,150000 USD",18.12.2026 00:00:00,"52,6338","1,1543 USD","1,8700","1,8900",-,-
FD01VC,EUR/USD,Put,"0,010000:1","1,090000 USD",18.12.2026 00:00:00,"144,9426","1,1543 USD","0,6700","0,6900",-,-
FD01V3,EUR/USD,Put,"0,010000:1","1,215000 USD",18.12.2026 00:00:00,"20,4910","1,1543 USD","4,8500","4,8700",-,-
FD01TX,EUR/USD,Call,"0,010000:1","1,125000 USD",18.12.2026 00:00:00,"18,1807","1,1543 USD","5,4900","5,5100",-,-
FD01T0,EUR/USD,Call,"0,010000:1","1,140000 USD",18.12.2026 00:00:00,"21,6003","1,1543 USD","4,6200","4,6300",-,-
FD01UZ,EUR/USD,Call,"0,010000:1","1,305000 USD",18.12.2026 00:00:00,"196,0937","1,1543 USD","0,4900","0,5100",-,-
FD01UG,EUR/USD,Call,"0,010000:1","1,220000 USD",18.12.2026 00:00:00,"64,1075","1,1543 USD","1,5400","1,5600",-,-
FD01UL,EUR/USD,Call,"0,010000:1","1,240000 USD",18.12.2026 00:00:00,"85,4789","1,1543 USD","1,1500","1,1700",-,-
FD01U2,EUR/USD,Put,"0,010000:1","1,040000 USD",18.12.2026 00:00:00,"322,6029","1,1543 USD","0,2900","0,3100",-,-
FD01VN,EUR/USD,Put,"0,010000:1","1,140000 USD",18.12.2026 00:00:00,"61,7310","1,1543 USD","1,5900","1,6100",-,-
FD01T6,EUR/USD,Call,"0,010000:1","1,170000 USD",18.12.2026 00:00:00,"31,9469","1,1543 USD","3,1200","3,1400",-,-
FD01VT,EUR/USD,Put,"0,010000:1","1,165000 USD",18.12.2026 00:00:00,"41,3201","1,1543 USD","2,3900","2,4100",-,-
FD01VY,EUR/USD,Put,"0,010000:1","1,190000 USD",18.12.2026 00:00:00,"28,4103","1,1543 USD","3,4900","3,5100",-,-
FD01VA,EUR/USD,Put,"0,010000:1","1,080000 USD",18.12.2026 00:00:00,"169,5047","1,1543 USD","0,5700","0,5900",-,-
FD01V1,EUR/USD,Put,"0,010000:1","1,205000 USD",18.12.2026 00:00:00,"23,3122","1,1543 USD","4,2600","4,2800",-,-
FD01TY,EUR/USD,Call,"0,010000:1","1,130000 USD",18.12.2026 00:00:00,"19,2668","1,1543 USD","5,1800","5,2000",-,-
FD01T1,EUR/USD,Call,"0,010000:1","1,145000 USD",18.12.2026 00:00:00,"22,9871","1,1543 USD","4,3400","4,3600",-,-
